,,0,,,,,,,,,,,,,,,,,,,,,,,,,,,,,,,,,,,,,,,,,,,
,,,,,,,2114/8,,2014/11,,2015/2,,2015/5,,2015/8,,2015/11,,2016/2,,2016/5,,2016/8,,,Basic,Technologist,,Developer,,Sales,,,Consultant,,,Architect,,,Project Manager,,,Target,,
No,ƒJƒeƒSƒ,,,,,–Ϊ•W,ƒZƒ‹ƒtƒ`ƒFƒbƒN,‰ρ–Ϊ•W,ƒZƒ‹ƒtƒ`ƒFƒbƒN,‰ρ–Ϊ•W,ƒZƒ‹ƒtƒ`ƒFƒbƒN,‰ρ–Ϊ•W,ƒZƒ‹ƒtƒ`ƒFƒbƒN,‰ρ–Ϊ•W,ƒZƒ‹ƒtƒ`ƒFƒbƒN,‰ρ–Ϊ•W,ƒZƒ‹ƒtƒ`ƒFƒbƒN,‰ρ–Ϊ•W,ƒZƒ‹ƒtƒ`ƒFƒbƒN,‰ρ–Ϊ•W,ƒZƒ‹ƒtƒ`ƒFƒbƒN,‰ρ–Ϊ•W,ƒZƒ‹ƒtƒ`ƒFƒbƒN,‰ρ–Ϊ•W,Level,Basic,Basi‚ƒ,Senior,Basi‚ƒ,Senior,Basic,Senior,Principal,Basic,Senior,Principal,Basic,Senior,Principal,Basic,Senior,Principal,Principal,,ƒ`ƒFƒbƒN—pƒƒXƒg
,μ‹Ζ‹sƒXƒLƒ‹iξ‘bƒXƒLƒ‹j,,,,,,,,,,,,,,,,,,,,,,,,,,,,,,~,~,,~,~,~,~,~,~,~,,,,,0
,,,,,,,,,,,,,,,,,,,,,,,,,,,,,,,,,,,,,,,,,,,,,1
,,ƒRƒ~ƒ…ƒjƒP[ƒVƒ‡ƒ“”\—Ν,,,,,,,,,,,,,,,,,,,,,,,,,,,,,,,,,,,,,,,,,,,2
,,,©‚ηi‚ρ‚Ε¥A‚π‚·‚ι‚±‚Ζ‚‚Ε‚«‚ι,,,0,5,5,5,5,5,5,5,5,5,5,5,5,5,5,5,5,5,5,Basic,,,,,,,,,,,,,,,,,,,,3
,,,“―—»‚Ζ—ΗD‚ΘΦW‚π’z‚«Ad–‚π‰~‚Ιi‚ί‚ι‚±‚Ζ‚‚Ε‚«‚ι,,,0,5,5,5,5,5,5,5,5,5,5,5,5,5,5,5,5,5,5,Basic,›,›,›,›,›,›,›,›,›,›,›,›,›,›,›,›,›,,,4
,,,³‚µ‚Άhκ‚π——p‚·‚ι‚±‚Ζ‚‚Ε‚«‚ι,,,0,4,5,4,5,4,5,4,5,4,5,4,5,4,5,4,5,4,5,Basic,,,,,,,,,,,,,,,,,,,,5
,,,“db‘Ξ‰‚πs‚¤‚±‚Ζ‚‚Ε‚«‚ι,,,0,3,4,3,4,3,4,3,4,4,4,4,4,4,4,4,4,4,4,Basic,,,,,,,,,,,,,,,,,,,,
,,,ƒNƒ‰ƒCƒAƒ“ƒg‚Ζ—ΗD‚ΘΦW‚π’z‚«AƒvƒƒWƒFƒNƒg‚π„i‚Ε‚«‚ι,,,0,4,4,4,4,4,4,4,4,4,4,4,4,4,4,4,4,4,4,Intermediate,~,~,~,~,~,~,›,~,~,~,~,~,~,~,›,›,›,,,
,,,_“ξ‚Ι‘θ‚ΜΣ©‚πζ‚θ“ό‚κ‚ι‚±‚Ζ‚‚Ε‚«‚ι,,,0,4,4,4,4,4,4,4,4,4,4,4,4,4,4,4,4,4,4,Basic,,,,,,,,,,,,,,,,,,,,
,,,©Θ‚Μ‘Τ“x‚βΎ“®‚Ε‘Όl‚Ι•s‰υ‚Θv‚Ά‚π‚³‚Ή‚Θ‚Ά‹C­‚Ά‚‚Ε‚«‚ι,,,0,4,4,4,4,4,4,4,4,4,4,4,4,4,4,4,4,4,4,Basic,,,,,,,,,,,,,,,,,,,,
,,,‘θ‚Μ“ΰ—e‚π³m‚Ι”c¬‚·‚ι‚±‚Ζ‚‚Ε‚«‚ι,,,0,4,4,4,4,4,4,4,4,4,4,4,4,4,4,4,4,4,4,Basic,,,,,,,,,,,,,,,,,,,,
,,,Ο‹Ι“I‚Ι©Θ¬’·‚Ιό‚―‚½“®‚‚Ε‚«‚ι,,,0,3,4,3,4,3,4,4,4,4,4,4,4,4,4,4,4,4,4,Basic,,,,,,,,,,,,,,,,,,,,
,,,–β‘θ‚π‰B‚³‚Έ‚Ι‘¬‚β‚©‚Ι•ρ‚Ε‚«‚ι,,,0,4,4,4,4,4,4,4,4,4,4,4,4,4,4,4,4,4,4,Basic,,,,,,,,,,,,,,,,,,,,
,,,•¨–‚π³‚µ‚­‘θ‚Ι“`’B‚·‚ι‚±‚Ζ‚‚Ε‚«‚ι,,,0,4,4,4,4,4,4,4,4,4,4,4,4,4,4,4,4,4,4,Basic,,,,,,,,,,,,,,,,,,,,
,,,•¨–‚π—‰π‚µA‘θ‚ΜƒRƒ“ƒeƒLƒXƒg‚Ι‚ ‚ν‚Ή‚Δΰ–Ύ‚π‚·‚ι‚±‚Ζ‚‚Ε‚«‚ι,,,0,3,4,3,4,3,4,3,4,3,4,3,4,3,4,3,4,3,4,Intermediate,,,,,,,,,,,,,,,,,,,,
,,μ‹Ζ‘¬“x,,,,,,,,,,,,,,,,,,,,,,,,~,~,~,~,~,~,~,,~,~,~,~,~,~,~,,,,,
,,,‘—Ώμ¬‘¬“x,,,0,3,4,3,4,3,4,3,4,3,4,3,4,3,4,3,4,3,4,Basic,›,›,›,›,›,›,›,›,›,›,›,›,›,›,›,›,›,,,
,,,ƒR[ƒfƒBƒ“ƒO‘¬“x,,,0,1,1,1,1,1,1,1,1,1,1,1,1,1,1,1,1,1,1,Basic,›,›,›,›,›,›,›,›,›,›,›,›,›,›,›,›,›,,,
,,,—‰π‘¬“x,,,0,3,3,3,3,3,3,3,3,3,3,3,3,3,3,3,3,3,3,Basic,›,›,›,›,›,›,›,›,›,›,›,›,›,›,›,›,›,,,
,,,vl‘¬“x,,,0,3,3,3,3,3,3,3,3,3,3,3,3,3,3,3,3,3,3,Basic,›,›,›,›,›,›,›,›,›,›,›,›,›,›,›,›,›,,,
,,μ‹Ζ‹s”\—Ν,,,,,,,,,,,,,,,,,,,,,,,,,,,,,,,,,,,,,,,,,,,
,,,μ‹Ζ•‰π”\—Ν,,,0,3,4,3,4,3,4,3,4,3,4,3,4,3,4,3,4,3,4,Basic,,,,,,,,,,,,,,,,,,,,
,,,μ‹Ζ—Dζ‡Κ‚Γ‚―”\—Ν,,,0,3,4,4,4,4,4,4,4,4,4,4,4,4,4,4,4,4,4,Basic,›,›,›,›,›,›,›,›,›,›,›,›,›,›,›,›,›,,,
,,,μ‹Ζm”F”\—Ν,,,0,3,4,3,4,4,4,4,4,3,4,3,4,3,4,3,4,3,4,Basic,,,,,,,,,,,,,,,,,,,,
,,,μ‹Ζ’²®”\—Ν,,,0,4,4,4,4,4,4,4,4,4,4,4,4,4,4,4,4,4,4,Basic,›,›,›,›,›,›,›,›,›,›,›,›,›,›,›,›,›,,,
,,,d–γ‚Μ‰Ϋ‘θ‚π³m‚Ι“`’B‚·‚ι‚±‚Ζ‚‚Ε‚«‚ι,,,0,4,4,4,4,4,4,4,4,4,4,4,4,4,4,4,4,4,4,Basic,›,›,›,›,›,›,›,›,›,›,›,›,›,›,›,›,›,,,
,,,d–‚πΣ”C‚π‚ΰ‚Α‚ΔΕγ‚ά‚Ε‚β‚θ‹‚°‚ι‚±‚Ζ‚‚Ε‚«‚ι,,,0,5,5,5,5,5,5,5,5,5,5,5,5,5,5,5,5,5,5,Basic,,,,,,,,,,,,,,,,,,,,
,,ITƒXƒLƒ‹,,,,,,,,,,,,,,,,,,,,,,,,~,~,~,~,~,~,~,,~,~,~,~,~,~,~,,,,,
,,,PowerPoint,,,0,3,4,3,4,3,4,3,4,3,4,3,4,3,4,3,4,3,4,Basic,›,›,›,›,›,›,›,›,›,›,›,›,›,›,›,›,›,,,
,,,Excel,,,0,3,4,3,4,3,4,3,4,3,4,3,4,3,4,3,4,3,4,Basic,›,›,›,›,›,›,›,›,›,›,›,›,›,›,›,›,›,,,
,,,Word,,,0,3,4,3,4,3,4,3,4,3,4,3,4,3,4,3,4,3,4,Basic,›,›,›,›,›,›,›,›,›,›,›,›,›,›,›,›,›,,,
,,,ƒ[ƒ‹ƒ\ƒtƒg,,,0,3,4,3,4,3,4,3,4,3,4,3,4,3,4,3,4,3,4,Basic,›,›,›,›,›,›,›,›,›,›,›,›,›,›,›,›,›,,,
,,‰pκ—Ν,,,,,,,,,,,,,,,,,,,,,,,,~,~,~,~,~,~,~,,~,~,~,~,~,~,~,,,,,
,,,Θ’P‚Θ‰οb‚πs‚¤‚±‚Ζ‚‚Ε‚«‚ι,,,0,1,1,1,2,1,2,1,2,1,2,1,2,1,2,1,2,1,2,Basic,›,›,›,›,›,›,›,›,›,›,›,›,›,›,›,›,›,,,
,,,‹Zp‘‚π“Η‚ή‚±‚Ζ‚‚Ε‚«‚ι,,,0,1,1,1,1,1,1,1,1,1,1,1,1,1,1,1,1,1,1,Basic,›,›,›,›,›,›,›,›,›,›,›,›,›,›,›,›,›,,,
,,,ƒvƒƒ[ƒ“ƒe[ƒVƒ‡ƒ“‚πs‚¤‚±‚Ζ‚‚Ε‚«‚ι,,,0,1,1,1,1,1,1,1,1,1,1,1,1,1,1,1,1,1,1,Intermediate,,,,,,,,,,,›,,,›,,,,,,
,,,ƒrƒWƒlƒX‚ΜάΥ‚πs‚¤‚±‚Ζ‚‚Ε‚«‚ι,,,0,1,1,1,1,1,1,1,1,1,1,1,1,1,1,1,1,1,1,Advanced,~,~,~,~,~,~,~,,~,~,~,~,~,~,~,,,,,
,,,ƒRƒ“ƒTƒ‹ƒeƒBƒ“ƒO‚πs‚¤‚±‚Ζ‚‚Ε‚«‚ι,,,0,1,1,1,1,1,1,1,1,1,1,1,1,1,1,1,1,1,1,Advanced,,,,,,,,,,,,,,,,,,,,
,,λαΥ—Ν,,,,,,,,,,,,,,,,,,,,,,,,~,~,~,~,~,~,~,,~,~,~,~,~,~,~,,,,,
,,,•¨–‚π3’iK‚Ι•—ή‚µ‚Δ‘Μn‰»‚·‚ι‚±‚Ζ‚‚Ε‚«‚ι,,,0,1,3,1,3,1,3,1,3,1,2,1,2,1,2,1,2,1,2,Basic,›,›,›,›,›,›,›,›,›,›,›,›,›,›,›,›,›,,,
,,,γ‹L‚Μ‘Μn‰»‚πγ‚©‚η“Ά‚·‚ι‚±‚Ζ‚‚Ε‚«‚ι,,,0,1,3,1,3,1,3,1,3,1,2,1,2,1,2,1,2,1,2,Intermediate,,,,,,,,,,›,›,,›,›,,,,,,
,,ƒRƒ“ƒZƒvƒ`ƒ…ƒAƒ‹ƒXƒLƒ‹,,,,,,,,,,,,,,,,,,,,,,,,~,~,~,~,~,~,~,,~,~,~,~,~,~,~,,,,,
,,,•¨–‚π—_‰»/‘Μn‰»‚Ε‚«‚ι,,,0,3,4,3,4,3,4,3,4,3,4,3,4,3,4,3,4,3,4,Intermediate,~,~,~,~,~,~,~,,~,›,›,~,›,›,~,,,,,
,,,‰ό‘PH’φ‚π‘g‚έ—§‚Δ‚ι‚±‚Ζ‚‚Ε‚«‚ι,,,0,3,4,3,4,3,4,3,4,3,4,3,4,3,4,3,4,3,4,Intermediate,,,,,,,,,,›,›,,›,›,,,,,,
,,,,,,,,,,,,,,,,,,,,,,,,,,~,~,~,~,~,~,~,,~,~,~,~,~,~,~,,,,,
,,,,,,,,,,,,,,,,,,,,,,,,,,~,~,~,~,~,~,~,,~,~,~,~,~,~,~,,,,,
,,,,,,,,,,,,,,,,,,,,,,,,,,~,~,~,~,~,~,~,,~,~,~,~,~,~,~,,,,,
,,,,,,,,,,,,,,,,,,,,,,,,,,~,~,~,~,~,~,~,,~,~,~,~,~,~,~,,,,,
,‰c‹ΖƒXƒLƒ‹,,,,,,,,,,,,,,,,,,,,,,,,,~,~,~,~,~,~,~,,~,~,~,~,~,~,~,,,,,
,,ƒT[ƒrƒX‚Μΰ–Ύ‚‚Ε‚«‚ι,,,,,,,,,,,,,,,,,,,,,,,,~,~,~,~,~,~,~,,~,~,~,~,~,~,~,,,,,
,,,ƒA[ƒLƒeƒNƒ`ƒƒν—ƒT[ƒrƒX,,,,,,,,,,,,,,,,,,,,,,,~,~,~,~,~,~,~,,~,~,~,~,~,~,~,,,,,
,,,,–Ϊ“I‚ΰ–Ύ‚Ε‚«‚ι,,0,1,1,1,1,1,1,1,1,1,2,1,2,1,2,1,2,1,2,Basic,~,~,~,~,~,›,›,›,›,›,›,~,~,~,~,,,,,
,,,,ψ‰Κ‚ΰ–Ύ‚Ε‚«‚ι,,0,1,1,1,1,1,1,1,1,1,1,1,1,1,1,1,1,1,1,Basic,~,~,~,~,~,›,›,›,›,›,›,~,~,~,~,,,,,
,,,,ΐ{‚Μ—¬‚κ‚ΰ–Ύ‚Ε‚«‚ι,,0,1,1,1,1,1,1,1,1,1,1,1,1,1,1,1,1,1,1,Basic,~,~,~,~,~,›,›,›,›,›,›,~,~,~,~,,,,,
,,,ƒA[ƒLƒeƒNƒ`ƒƒτ’θ,,,,,,,,,,,,,,,,,,,,,,,~,~,~,~,~,~,~,,~,~,~,~,~,~,~,,,,,
,,,,–Ϊ“I‚ΰ–Ύ‚Ε‚«‚ι,,0,1,1,1,1,1,1,1,1,1,2,1,2,1,2,1,2,1,2,Basic,~,~,~,~,~,›,›,›,›,›,›,~,~,~,~,,,,,
,,,,ψ‰Κ‚ΰ–Ύ‚Ε‚«‚ι,,0,1,1,1,1,1,1,1,1,1,1,1,1,1,1,1,1,1,1,Basic,~,~,~,~,~,›,›,›,›,›,›,~,~,~,~,,,,,
,,,,ΐ{‚Μ—¬‚κ‚ΰ–Ύ‚Ε‚«‚ι,,0,1,1,1,1,1,1,1,1,1,1,1,1,1,1,1,1,1,1,Basic,~,~,~,~,~,›,›,›,›,›,›,~,~,~,~,,,,,
,,,ƒA[ƒLƒeƒNƒ`ƒƒ‰^—p,,,,,,,,,,,,,,,,,,,,,,,~,~,~,~,~,~,~,,~,~,~,~,~,~,~,,,,,
,,,,–Ϊ“I‚ΰ–Ύ‚Ε‚«‚ι,,0,1,1,1,1,1,1,1,1,1,2,1,2,1,2,1,2,1,2,Basic,~,~,~,~,~,›,›,›,›,›,›,~,~,~,~,,,,,
,,,,ψ‰Κ‚ΰ–Ύ‚Ε‚«‚ι,,0,1,1,1,1,1,1,1,1,1,1,1,1,1,1,1,1,1,1,Basic,~,~,~,~,~,›,›,›,›,›,›,~,~,~,~,,,,,
,,,,ΐ{‚Μ—¬‚κ‚ΰ–Ύ‚Ε‚«‚ι,,0,1,1,1,1,1,1,1,1,1,1,1,1,1,1,1,1,1,1,Basic,~,~,~,~,~,›,›,›,›,›,›,~,~,~,~,,,,,
,,Ϊ‹q‚Μ‰Ϋ‘θ‚π‚Ζ‚η‚¦‚ι‚±‚Ζ‚‚Ε‚«‚ι,,,,,,,,,,,,,,,,,,,,,,,,~,~,~,~,~,~,~,,~,~,~,~,~,~,~,,,,,
,,,ƒT[ƒrƒX’ρΔ“ΰ—e‚‚ ‚ι’φ“x‚«‚ά‚Α‚½Ϊ‹q‚Φ‚ΜƒqƒAƒƒ“ƒO‚πs‚¤‚±‚Ζ‚‚Ε‚«‚ι,,,0,1,1,1,1,1,1,1,1,1,1,2,2,2,1,2,2,2,2,Basic,~,~,~,~,~,›,›,›,~,~,~,~,~,~,~,,,,,
,,,1st ƒAƒ^ƒbƒ`Ϊ‹q‚Φ‚ΜƒqƒAƒƒ“ƒO‚‚Ε‚«‚ι,,,0,1,1,1,1,1,1,1,2,1,2,1,2,1,2,1,2,1,2,Intermediate,~,~,~,~,~,~,›,›,~,~,~,~,~,~,~,,,,,
,,,Ϊ‹q‰Ϋ‘θ‚Μ®—‚πs‚¤‚±‚Ζ‚‚Ε‚«‚ι,,,0,1,1,1,1,1,1,1,1,1,1,1,1,1,1,1,1,1,1,Inermediate,~,~,~,~,~,~,›,›,~,~,~,~,~,~,~,,,,,
,,Ϊ‹q‚Μ‰Ϋ‘θ‰πΑ‚Ι‚ή‚―‚½’ρΔ‚πΐ{‚·‚ι‚±‚Ζ‚‚Ε‚«‚ι,,,,,,,,,,,,,,,,,,,,,,,,~,~,~,~,~,~,~,,~,~,~,~,~,~,~,,,,,
,,,‚²x‰‡–Ϊ“I‚Μ’θ‚‚Ε‚«‚ι,,,0,1,1,1,1,1,1,1,1,1,1,1,1,1,2,1,2,1,2,Advanced,~,~,~,~,~,~,›,›,~,~,~,~,~,~,~,,,,,
,,,‚²x‰‡–Ϊ“I‚Ι]‚Α‚½’ρΔ‚‚Ε‚«‚ι,,,,,,,,,,,,,,,,,,,,,,,~,~,~,~,~,~,~,,~,~,~,~,~,~,~,,,,,
,,,,‚Η‚ΜƒA[ƒNƒEƒFƒCƒT[ƒrƒX‚π’ρ‹‚·‚Χ‚«‚©”»’f‚‚Ε‚«‚ι,,0,1,1,1,1,1,1,1,1,1,2,1,2,1,2,1,2,1,2,Basic,~,~,~,~,~,›,›,›,~,~,~,~,~,~,~,,,,,
,,,,ƒA[ƒNƒEƒFƒCƒT[ƒrƒX‚π²‚Ζ‚µ‚½ƒT[ƒrƒX‚Μ’ρΔ‚‚Ε‚«‚ι,,0,1,1,1,1,1,1,1,1,1,1,1,1,1,1,1,1,1,1,Intermedeiate,~,~,~,~,~,~,›,›,~,~,~,~,~,~,~,,,,,
,,,,ƒA[ƒNƒEƒFƒCƒT[ƒrƒX‚πΪ‹q‚ΙƒtƒBƒbƒg‚³‚Ή‚½‚ζ‚θ”[“Ύ΄‚Μ‚ ‚ι’ρΔ‚‚Ε‚«‚ι,,0,1,1,1,1,1,1,1,1,1,1,1,1,1,1,1,1,1,1,Advanced,~,~,~,~,~,~,›,›,~,~,~,~,~,~,~,,,,,
,,,ƒS[ƒ‹‚ά‚Ε‚Μμ‹Ζ‘g‚έ—§‚Δ‚‚Ε‚«‚ι,,,0,1,1,1,1,1,1,1,1,1,1,1,1,1,1,1,1,1,1,Intermedeiate,~,~,~,~,~,~,~,,~,›,›,~,~,~,~,,,,,
,,,©Ο‚‚Ε‚«‚ι,,,,,,,,,,,,,,,,,,,,,,,~,~,~,~,~,~,~,,~,~,~,~,~,~,~,,,,,
,,,,ƒA[ƒLƒeƒNƒ`ƒƒν—,,0,1,1,1,1,1,1,1,1,1,1,1,1,1,1,1,1,1,1,Intermedeiate,~,~,~,~,~,~,›,›,~,~,›,~,~,~,~,,,,,
,,,,ƒA[ƒLƒeƒNƒ`ƒƒτ’θ,,0,1,1,1,1,1,1,1,1,1,1,1,1,1,1,1,1,1,1,Intermedeiate,~,~,~,~,~,~,›,›,~,›,›,~,~,~,~,,,,,
,,,,ƒA[ƒLƒeƒNƒ`ƒƒ‰^—p,,0,1,1,1,1,1,1,1,1,1,1,1,1,1,1,1,1,1,1,Intermedeiate,~,~,~,~,~,~,›,›,~,›,›,~,~,~,~,,,,,
,,,,‚»‚Μ‘ΌƒT[ƒrƒX,,0,1,1,1,1,1,1,1,1,1,1,1,1,1,1,1,1,1,1,Advanced,~,~,~,~,~,~,›,›,~,~,›,~,~,~,~,,,,,
,,,’ρΔ“ΰ—e‚π‚ΰ‚Α‚ΔΪ‹q‚Ζ‹ΰ‘KπΒ‚‚Ε‚«‚ι,,,0,1,1,1,1,1,1,1,1,1,1,1,1,1,2,2,2,2,2,Intermedeiate,~,~,~,~,~,~,~,,~,~,~,~,~,~,~,,,,,
,,,ƒXƒg[ƒ[‚Ι‘Ξ‚·‚ιƒƒXƒN‚π”c¬‚·‚ι‚±‚Ζ‚‚Ε‚«‚ι,,,0,1,1,1,1,1,1,1,1,1,1,1,1,1,1,1,1,1,1,,,,,,,,,,,,,,,,,,,,,
,,,ƒXƒg[ƒ[‚Ι‘Ξ‚·‚ιƒƒXƒN‚Μ’oAΐ»«‚Μm”F‚Ζ‘Ξ‰•ϋ–@‚Μ“Ά‚‚Ε‚«‚ι,,,0,1,1,1,1,1,1,1,1,1,1,1,1,1,1,1,1,1,1,Advanced,,,,,,,,,,,,,,,,,,,,
,,_–ρ’χ‹‚Ιό‚―‚½μ‹Ζ‚πΐ{‚Ε‚«‚ι,,,,,,,,,,,,,,,,,,,,,,,Basic,~,~,~,~,~,›,›,›,~,~,~,~,~,~,~,,,,,
,,,ƒA[ƒNƒEƒFƒC‚Μ‰c‹ΖƒvƒƒZƒX‚π—‰π‚µ‚Δ‚Ά‚ι,,,0,1,1,1,1,1,1,1,2,2,2,2,2,2,2,2,2,2,2,Basic,~,~,~,~,~,›,›,›,~,~,~,~,~,~,~,,,,,
,,,ƒA[ƒNƒEƒFƒC‚Μ‰c‹Ζ`”„γ‚ά‚Ε‚ΜƒvƒƒZƒX‚π—‰π‚µ‚Δ‚Ά‚ι,,,0,1,1,1,1,1,1,1,2,2,3,2,3,2,3,3,3,3,3,Basic,~,~,~,~,~,›,›,›,~,~,~,~,~,~,~,,,,,
,,,Ϊ‹q‚Ζ“ΰ—e‚π‚Β‚ί‚Θ‚‚η_–ρθ‘±‚«‚πi‚ί‚ι‚±‚Ζ‚‚Ε‚«‚ι,,,0,1,1,1,1,1,1,1,2,1,2,1,2,1,2,1,2,1,2,Intermedeiate,~,~,~,~,~,~,›,›,~,~,~,~,~,~,~,,,,,
,,,,,,,,,,,,,,,,,,,,,,,,,,~,~,~,~,~,~,~,,~,~,~,~,~,~,~,,,,,
,ƒRƒ“ƒTƒ‹ƒeƒBƒ“ƒOƒXƒLƒ‹,,,,,,,,,,,,,,,,,,,,,,,,,,,,,,,,,,~,~,~,~,~,~,,,,,
,,ƒS[ƒ‹‚ΖƒXƒR[ƒv‚πΣ―‚µ‚Δƒfƒƒoƒ‚Ε‚«‚ι,,,,,,,,,,,,,,,,,,,,,,,,~,~,~,~,~,~,~,,~,~,~,~,~,~,~,,,,,
,,,ƒS[ƒ‹‚ΖƒXƒR[ƒv‚πΰ–Ύ‚Ε‚«‚ι,,,0,1,1,1,1,1,1,1,1,1,1,1,1,1,1,1,1,1,1,Basic,~,~,~,~,~,~,~,,›,›,›,~,~,~,~,,,,,
,,,ƒS[ƒ‹‚ΖƒXƒR[ƒv‚Μ•ΟX‚•K—v‚Θκ‡‚Ι’²®‚‚Ε‚«‚ι,,,0,1,1,1,1,1,1,1,1,1,1,1,1,1,1,1,1,1,1,Intermediate,~,~,~,~,~,~,~,,~,›,›,~,~,~,~,,,,,
,,,ƒS[ƒ‹‚Ι‘Ξ‚µ‚Δ‚ΜƒXƒg[ƒ[‚Μ‘g‚έ—§‚Δ‚‚Ε‚«‚ι,,,0,1,1,1,1,1,1,1,1,1,1,1,1,1,1,1,1,1,1,Intermediate,,,,,,,,,,›,›,,,,,,,,,
,,,ƒXƒg[ƒ[‚Ι‘Ξ‚·‚ιƒƒXƒN‚Μ’oAΐ»«‚Μm”F‚Ζ‘Ξ‰•ϋ–@‚Μ“Ά‚‚Ε‚«‚ι,,,0,1,1,1,1,1,1,1,1,1,1,1,1,1,1,1,1,1,1,Intermediate,,,,,,,,,,›,›,,,,,,,,,
,,,•‰π‚µ‚½“ΰ—e‚ΜƒS[ƒ‹‚Ζ‘S‘Μ‚ΜƒS[ƒ‹‚Μ®‡«‚πm”F‚·‚ι‚±‚Ζ‚‚Ε‚«‚ι,,,0,1,1,1,1,1,1,1,1,1,1,1,1,1,1,1,1,1,1,Advanced,,,,,,,,,,›,›,,,,,,,,,
,,,ƒXƒg[ƒ[‚Μ‹οΫ‰»‚πs‚¤‚±‚Ζ‚‚Ε‚«‚ι,,,0,1,1,1,1,1,1,1,1,1,1,1,1,1,1,1,1,1,1,Advanced,,,,,,,,,,›,›,,,,,,,,,
,,ƒ~[ƒeƒBƒ“ƒO‚Μƒtƒ@ƒVƒƒeƒB[ƒVƒ‡ƒ“‚‚Ε‚«‚ι,,,,,,,,,,,,,,,,,,,,,,,,~,~,~,~,~,~,~,,›,›,›,~,~,~,~,,,,,
,,,‘g‚έ—§‚Δ‚η‚κ‚½“ΰ—e‚πΰ–Ύ‚Ε‚«‚ι,,,0,1,1,1,1,1,1,1,1,1,1,1,1,1,1,1,1,1,1,Basic,~,~,~,~,~,~,~,,~,›,›,~,~,~,~,,,,,
,,,©•‚Ε_—“I‚Θ‘g‚έ—§‚Δ‚‚Ε‚«‚ι,,,0,1,1,1,1,1,1,1,1,1,1,1,1,1,1,1,1,1,1,Intermediate,~,~,~,~,~,~,~,,~,›,›,~,~,~,~,,,,,
,,,Ω‚Θ‚ιΣ©‚πκ‚Β‚Μ•ϋό«‚Ι‚ά‚Ζ‚ί‚Δ‚Ά‚­‚±‚Ζ‚‚Ε‚«‚ι,,,0,1,1,1,1,1,1,1,1,1,1,1,1,1,1,1,1,1,1,Advanced,~,~,~,~,~,~,~,,~,›,›,~,~,~,~,,,,,
,,,‘z’θ‚ΜƒXƒg[ƒ[‚ΖΩ‚Θ‚Α‚½κ‡‚Μ‘Ξ‰‚‚Ε‚«‚ι,,,,,,,,,,,,,,,,,,,,,,Advanced,~,~,~,~,~,~,~,,~,›,›,~,~,~,~,,,,,
,,,,ƒS[ƒ‹‚ΜΔέ’θ,,0,1,1,1,1,1,1,1,1,1,1,1,1,1,1,1,1,1,1,,~,~,~,~,~,~,~,,~,›,›,~,~,~,~,,,,,
,,,,μ‹Ζ—Dζ‡Κ‚Μ’²®,,0,1,1,1,1,1,1,1,1,1,1,1,1,1,1,1,1,1,1,,~,~,~,~,~,~,~,,~,›,›,~,~,~,~,,,,,
,,,,μ‹Ζ“ΰ—e‚Μ’²®,,0,1,1,1,1,1,1,1,1,1,1,1,1,1,1,1,1,1,1,,~,~,~,~,~,~,~,,~,›,›,~,~,~,~,,,,,
,,,,ƒXƒPƒWƒ…[ƒ‹‚Μ’²®,,0,1,1,1,1,1,1,1,1,1,1,1,1,1,1,1,1,1,1,,~,~,~,~,~,~,~,,~,›,›,~,~,~,~,,,,,
,,,Ϊ‹q‚Ζ‚Μ‡Σ‚Ιό‚―‚½ν—‚π‚½‚Δ‚ι‚±‚Ζ‚‚Ε‚«‚ι,,,0,1,1,1,1,1,1,1,1,1,1,1,1,1,1,1,1,1,1,Intermediate,~,~,~,~,~,~,~,,~,›,›,~,~,~,~,,,,,
,,ƒ~[ƒeƒBƒ“ƒO“ΰ—e‚π”c¬‚Ε‚«‚ι,,,,,,,,,,,,,,,,,,,,,,,,~,~,~,~,~,~,~,,~,~,~,~,~,~,~,,,,,
,,,u’θ“ΰ—ev‚Ζu“Ά–€v‚–Ύm‚Θ‹c–^‚πμ¬‚·‚ι‚±‚Ζ‚‚Ε‚«‚ι,,,0,1,1,1,1,1,1,1,1,1,1,1,1,1,1,1,1,1,1,Basic,~,~,~,~,~,~,~,,›,›,›,~,~,~,~,,,,,
,,,ƒ~[ƒeƒBƒ“ƒO‚ΜƒTƒ}ƒ‚π³m‚Ι“`’B‚·‚ι‚±‚Ζ‚‚Ε‚«‚ιi’θ–€/“Ά–€/‰Ϋ‘θj,,,0,1,1,1,1,1,1,1,1,1,1,1,1,1,1,1,1,1,1,Basic,~,~,~,~,~,~,~,,›,›,›,~,~,~,~,,,,,
,,‰Ϋ‘θ”­¶‚Μ‘Ξ‰‚‚Ε‚«‚ι,,,,,,,,,,,,,,,,,,,,,,,,~,~,~,~,~,~,~,,~,~,~,~,~,~,~,,,,,
,,,‰Ϋ‘θ‚π”c¬‚µA³‚µ‚­ƒGƒXƒJƒ[ƒVƒ‡ƒ“‚·‚ι‚±‚Ζ‚‚Ε‚«‚ι,,,0,1,1,1,1,1,1,1,1,1,1,1,1,1,1,1,1,1,1,Basic,~,~,~,~,~,~,~,,›,›,›,~,~,~,~,,,,,
,,,‰Ϋ‘θ‚Ι‘Ξ‚µ‚Δ‚Η‚Μ‚ζ‚¤‚Ι‘Ξ‰‚·‚Χ‚«‚©x‰‡‚Μ–Ϊ“I‚Ι]‚Α‚Δ“Ά‚·‚ι‚±‚Ζ‚‚Ε‚«‚ι,,,0,1,1,1,1,1,1,1,1,1,1,1,1,1,1,1,1,1,1,Intermediate,~,~,~,~,~,~,~,,~,›,›,~,~,~,~,,,,,
,,,‰Ϋ‘θ‚Ι‘Ξ‚µ‚Δ‚Μ‘Ξ‰‚πΪ‹q‚Ιΰ–Ύ‚µA”[“Ύ‚³‚Ή‚ι‚±‚Ζ‚‚Ε‚«‚ι,,,0,1,1,1,1,1,1,1,1,1,1,1,1,1,1,1,1,1,1,Intermediate,~,~,~,~,~,~,~,,~,›,›,~,~,~,~,,,,,
,,,γ‹L‘Ξ‰‚π‚»‚Μκ‚Εs‚¤‚±‚Ζ‚‚Ε‚«‚ι,,,0,1,1,1,1,1,1,1,1,1,1,1,1,1,1,1,1,1,1,Advanced,~,~,~,~,~,~,~,,~,~,›,~,~,~,~,,,,,
,,³‚µ‚Ά”»’f‚‚Ε‚«‚ι,,,,,,,,,,,,,,,,,,,,,,,,~,~,~,~,~,~,~,,~,~,~,~,~,~,~,,,,,
,,,Ϊ‹q‚ΜΣv’θ‚Μ²‚π”c¬‚·‚ι‚±‚Ζ‚‚Ε‚«‚ι,,,0,1,1,1,1,1,1,1,1,1,1,1,1,1,1,1,1,1,1,Intermediate,~,~,~,~,~,~,~,,~,~,~,~,~,~,~,,,,,
,,,,,,,,,,,,,,,,,,,,,,,,,,,,,,,,,,›,›,›,,,,,,,,,
,,‘Μn‰»,,,,,,,,,,,,,,,,,,,,,,,,~,~,~,~,~,~,~,,~,›,›,~,~,~,~,,,,,
,,,μ¬‚µ‚½‘—Ώ‚Δ——p‚³‚κ‚ι,,,0,1,1,1,1,1,1,1,1,1,1,1,1,1,1,1,1,1,1,Intermediate,~,~,~,~,~,~,~,,~,~,~,~,~,~,~,,,,,
,,,Δ——p‚πΣ―‚µ‚½‘—Ώμ¬‚‚Ε‚«‚ι,,,0,1,1,1,1,1,1,1,1,1,1,1,1,1,1,1,1,1,1,Intermediate,,,,,,,,,,,,,,,,,,,,
,,,,,,,,,,,,,,,,,,,,,,,,,,,,,,,,,,,,,,,,,,,,,
,,®‹—Ν,,,,,,,,,,,,,,,,,,,,,,,,,,,,,,,,,,,,,,,,,,,
,,,‚ ‚«‚η‚ί‚Έ‚ΙΕγ‚ά‚Ε‚β‚θ‹‚°‚ζ‚¤‚Ζ‚Ά‚¤Σv‚‚ ‚ι,,,0,1,1,1,1,1,1,1,1,1,1,1,1,1,1,1,1,1,1,Basic,,,,,,,,,,,,,,,,,,,,
,,,‚ ‚«‚η‚ί‚Έ‚ΙΕγ‚ά‚Ε‚β‚θ‹‚°‚ι‚±‚Ζ‚‚Ε‚«‚ι,,,0,1,1,1,1,1,1,1,1,1,1,1,1,1,1,1,1,1,1,Intermediate,,,,,,,,,,,,,,,,,,,,
,,‘S‘Μ”c¬—Ν,,,,,,,,,,,,,,,,,,,,,,,,~,~,~,~,~,~,~,,~,~,~,~,~,~,~,,,,,
,,,V‚µ‚Ά–€‚Μ”c¬‚π‚·‚ι‚±‚Ζ‚‚Ε‚«‚ι,,,0,1,1,1,1,1,1,1,1,1,1,1,1,1,1,1,1,1,1,Basic,~,~,~,~,~,~,~,,~,~,~,~,~,~,~,,,,,
,,,—v“_‚π³‚µ‚­‘‚­—‰π‚·‚ι‚±‚Ζ‚‚Ε‚«‚ι,,,0,1,1,1,1,1,1,1,1,1,1,1,1,1,1,1,1,1,1,Intermediate,~,~,~,~,~,~,~,,~,~,~,~,~,~,~,,,,,
,,•‰π”\—Ν,,,,,,,,,,,,,,,,,,,,,,,,,,,,,,,,,,,,,,,,,,,
,,,•¨–‚π•‰π‚·‚ι‚±‚Ζ‚‚Ε‚«‚ι,,,0,1,1,1,1,1,1,1,1,1,1,1,1,1,1,1,1,1,1,,,,,,,,,,,,,,,,,,,,,
,,πΒ—Ν,,,,,,,,,,,,,,,,,,,,,,,,~,~,~,~,~,~,~,,~,~,~,~,~,~,~,,,,,
,,,ω‘¶Ϊ‹q‚Ζ‚ΜπΒ‚‚Ε‚«‚ι,,,0,1,1,1,1,1,1,1,1,1,1,1,1,1,1,1,1,1,1,Basic,~,~,~,~,~,~,~,,›,›,›,~,~,~,~,,,,,
,,,V‹KΪ‹q‚Ζ‚ΜπΒ‚‚Ε‚«‚ι,,,0,1,1,1,1,1,1,1,1,1,1,1,1,1,1,1,1,1,1,Intermediate,~,~,~,~,~,~,~,,~,›,›,~,~,~,~,,,,,
,,,Ά“ο‚Θσ‹µ‚Ε‚ΜΪ‹q‚Ζ‚ΜπΒ‚‚Ε‚«‚ιib‚‚±‚¶‚κ‚½γAΪ‹q‚•s–‚π‚ΰ‚Α‚Δ‚Ά‚ιA—‚Ζ‚µ‚Η‚±‚λ‚‚έ‚Β‚©‚η‚Θ‚ΆEEEetc),,,0,1,1,1,1,1,1,1,1,1,1,1,1,1,1,1,1,1,1,Advanced,~,~,~,~,~,~,~,,~,~,›,~,~,~,~,,,,,
,ƒ}ƒl[ƒWƒƒ“ƒg,,,,,,,,,,,,,,,,,,,,,,,,,~,~,~,~,~,~,~,,~,~,~,~,~,~,~,,,,,
,,μ‹Ζi’»Η—,,,,,,,,,,,,,,,,,,,,,,,,~,~,~,~,~,~,~,,~,~,~,~,~,~,~,,,,,
,,,©•‚Μμ‹Ζ‚π•‰π‚·‚ι‚±‚Ζ‚‚Ε‚«‚ι,,,0,1,1,1,1,1,1,1,1,1,1,1,1,1,1,1,1,1,1,Basic,›,›,›,›,›,,,,,,,,,,,,,,,
,,,γΚ‚Μμ‹ΖƒS[ƒ‹‚π—‰π‚·‚ι‚±‚Ζ‚‚Ε‚«‚ι,,,0,1,1,1,1,1,1,1,1,1,1,1,1,1,1,1,1,1,1,Intermediate,›,›,›,›,›,,,,,,,,,,,,,,,
,,,©•‚Μμ‹Ζ‚Μi’»σ‹µ‚π³m‚Ι”c¬‚Ε‚«‚ι,,,0,1,1,1,1,1,1,1,1,1,1,1,1,1,1,2,1,2,1,Basic,›,›,›,›,›,,,,,,,,,,,,,,,
,,,μ‹Ζi’»σ‹µ‚π³m‚Ιƒ[ƒ_[‚Ι•ρ‚Ε‚«‚ι,,,0,1,1,1,1,1,1,1,1,1,1,1,1,1,1,2,1,2,1,Basic,›,›,›,›,›,,,,,,,,,,,,,,,
,,,μ‹Ζ’x‰„‚Μ——R‚πΰ–Ύ‚·‚ι‚±‚Ζ‚‚Ε‚«‚ι,,,0,1,1,1,1,1,1,1,1,1,1,1,1,1,1,2,1,2,1,Basic,›,›,›,›,›,,,,,,,,,,,,,,,
,,,•΅”‚Μƒƒ“ƒo[‚Εΐ{‚µ‚Δ‚Ά‚ιμ‹Ζ‚π•‰π‚·‚ι‚±‚Ζ‚‚Ε‚«‚ι,,,0,1,1,1,1,1,1,1,1,1,1,1,1,1,1,1,1,1,1,Intermediate,,,,,,,,,,,,,,,,,,,,
,,,•΅”‚Μƒƒ“ƒo[‚Εΐ{‚µ‚Δ‚Ά‚ιμ‹Ζi’»‚π³m‚Ι”c¬‚Ε‚«‚ι,,,0,1,1,1,1,1,1,1,1,1,1,1,1,1,1,1,1,1,1,Intermediate,~,~,~,~,~,~,~,,~,~,~,~,~,~,›,›,›,,,
,,,•΅”‚Μƒƒ“ƒo[‚Εΐ{‚µ‚Δ‚Ά‚ιμ‹Ζi’»‚Ι‰‚¶‚ΔAμ‹Ζ’²®‚πs‚¤‚±‚Ζ‚‚Ε‚«‚ι,,,0,1,1,1,1,1,1,1,1,1,1,1,1,1,1,1,1,1,1,Intermediate,~,~,~,~,~,~,~,,~,~,~,~,~,~,›,›,›,,,
,,,,,,,,,,,,,,,,,,,,,,,,,,~,~,~,~,~,~,~,,~,~,~,~,~,~,~,~,~,,,
,,H”/”ο—pΗ—,,,,,,,,,,,,,,,,,,,,,,,,~,~,~,~,~,~,~,,~,~,~,~,~,~,~,~,~,,,
,,,w¦‚³‚κ‚½μ‹Ζ‚π³m‚Ιΐ{‚·‚ι‚±‚Ζ‚‚Ε‚«‚ι,,,0,1,1,1,1,1,1,1,1,1,1,1,1,1,1,1,1,1,1,Basic,›,›,›,›,›,~,~,,~,~,~,~,~,~,~,~,~,,,
,,,©•‚Μμ‹ΖH”‚π³m‚Ι”c¬‚Ε‚«‚ι,,,0,1,1,1,1,1,1,1,1,1,1,1,1,1,1,1,1,1,1,Basic,›,›,›,›,›,~,~,,~,~,~,~,~,~,~,~,~,,,
,,,•΅”‚Μƒƒ“ƒo[‚Εΐ{‚µ‚Δ‚Ά‚ιμ‹ΖH”‚π”c¬‚·‚ι‚±‚Ζ‚‚Ε‚«‚ι,,,0,1,1,1,1,1,1,1,1,1,1,1,1,1,1,1,1,1,1,Intermediate,~,~,~,~,~,~,~,,~,~,~,~,~,~,›,›,›,,,
,,,H”’΄‰ί——R‚π”c¬‚·‚ι‚±‚Ζ‚‚Ε‚«‚ι,,,0,1,1,1,1,1,1,1,1,1,1,1,1,1,1,1,1,1,1,Intermediate,,,,,,,,,,,,,,,,,,,,
,,,H”’΄‰ί‘O‚ΙƒƒXƒN‚π΄’m‚·‚ι‚±‚Ζ‚‚Ε‚«‚ι,,,0,1,1,1,1,1,1,1,1,1,1,1,1,1,1,1,1,1,1,Advanced,~,~,~,~,~,~,~,,~,~,~,~,~,~,›,›,›,,,
,,ƒƒ“ƒo[Η—,,,,,,,,,,,,,,,,,,,,,,,,~,~,~,~,~,~,~,,~,~,~,~,~,~,~,~,~,,,
,,,ƒƒ“ƒo[‚Μμ‹Ζσ‹µ‚π”c¬‚·‚ι‚±‚Ζ‚‚Ε‚«‚ι,,,0,1,1,1,1,1,1,1,1,1,1,1,1,1,1,1,1,1,1,Basic,~,~,~,~,~,~,~,,~,›,›,~,~,~,›,›,›,,,
,,,ƒƒ“ƒo[‚Μ‰Ϋ‘θ‚π”c¬‚·‚ι‚±‚Ζ‚‚Ε‚«‚ι,,,0,1,1,1,1,1,1,1,1,1,1,1,1,1,1,1,1,1,1,Intermediate,~,~,~,~,~,~,~,,~,›,›,~,~,~,›,›,›,,,
,,,ƒƒ“ƒo[‚Μ‰Ϋ‘θ‚π‰π‚·‚ι“Ή‹Ψ‚π‚½‚Δ‚ι‚±‚Ζ‚‚Ε‚«‚ι,,,0,1,1,1,1,1,1,1,1,1,1,1,1,1,1,1,1,1,1,Intermediate,~,~,~,~,~,~,~,,~,›,›,~,~,~,›,›,›,,,
,,ƒJƒXƒ^ƒ}[ƒƒ[ƒVƒ‡ƒ“,,,,,,,,,,,,,,,,,,,,,,,,,,,,,,,,,,,,,,,,,,,
,,,“KΨ‚Θƒ^ƒCƒ~ƒ“ƒO‚Ε•ρ‚πs‚¤‚±‚Ζ‚‚Ε‚«‚ι,,,0,1,1,1,1,1,1,1,1,1,1,1,1,1,1,1,1,1,1,Basic,,,,,,,,,,,,,,,,,,,,
,,,Ϊ‹q‚Ζ–Ϊ“IA–β‘θAƒ^ƒXƒN‚Μ‹¤—L‚πs‚¤‚±‚Ζ‚‚Ε‚«‚ι,,,0,1,1,1,1,1,1,1,1,1,1,1,1,1,1,1,1,1,1,Basic,,,,,,,,,,,,,,,,,,,,
,,,–β‘θ‚‹N‚«‚½Ϋ‚Μ’²®AC³‚πs‚¤‚±‚Ζ‚‚Ε‚«‚ι,,,0,1,1,1,1,1,1,1,1,1,1,1,1,1,1,1,1,1,1,Basic,,,,,,,,,,,,,,,,,,,,
,,,Ϊ‹q‚Ζ”[•i‚Ιό‚―‚½μ‹Ζ/ƒXƒPƒWƒ…[ƒ‹’²®‚πs‚¤‚±‚Ζ‚‚Ε‚«‚ι,,,0,1,1,1,1,1,1,1,1,1,1,1,1,1,1,1,1,1,1,Basic,,,,,,,,,,,,,,,,,,,,
,,,‚Μ’ρΔ‚πΣ―‚µ‚ΔΪ‹q‚Ζ‚ΜΦW«‚π’z‚­‚±‚Ζ‚‚Ε‚«‚ι,,,0,1,1,1,1,1,1,1,1,1,1,1,1,1,1,1,1,1,1,Intermediate,,,,,,,,,,,,,,,,,,,,
,,,μ‹Ζ‰Ώ’liψ‰Κj‚Μΰ–Ύ‚πs‚¤‚±‚Ζ‚‚Ε‚«‚ι,,,0,1,1,1,1,1,1,1,1,1,1,1,1,1,1,1,1,1,1,Intermediate,,,,,,,,,,,,,,,,,,,,
,‹ZpƒXƒLƒ‹,,,,,,,,,,,,,,,,,,,,,,,,,,,,,,,,,,,,,,,,,,,,
,,ƒA[ƒLƒeƒNƒg,,,,,,,,,,,,,,,,,,,,,,,,,,,,,,,,,,,,,,,,,,,
,,,ƒA[ƒNƒEƒFƒC‚ΜƒA[ƒLƒeƒNƒ`ƒƒwj‚π—‰π‚µ‚Δ‚Ά‚ι,,,0,1,1,1,1,1,1,1,1,1,1,1,1,1,1,1,1,1,1,Basic,~,~,~,~,~,~,~,,~,~,~,›,~,~,~,,,,,
,,,ƒA[ƒNƒEƒFƒC‚ΜƒA[ƒLƒeƒNƒ`ƒƒwj‚πΰ–Ύ‚Ε‚«‚ι,,,0,1,1,1,1,1,1,1,1,1,1,1,1,1,1,1,1,1,1,Intermediate,~,~,~,~,~,~,~,,~,~,~,~,›,~,~,,,,,
,,,ƒA[ƒNƒEƒFƒC‚Μξ–{ƒA[ƒLƒeƒNƒ`ƒƒ\‘Ά‚πΰ–Ύ‚Ε‚«‚ι,,,0,1,1,1,1,1,1,1,1,1,1,1,1,1,1,1,1,1,1,Basic,~,~,~,~,~,~,~,,~,~,~,›,~,~,~,,,,,
,,,ƒA[ƒNƒEƒFƒC‚Μξ–{ƒA[ƒLƒeƒNƒ`ƒƒ\‘Ά‚ΜΣ}‚πΰ–Ύ‚Ε‚«‚ι,,,0,1,1,1,1,1,1,1,1,1,1,1,1,1,1,1,1,1,1,Intermediate,~,~,~,~,~,~,~,,~,~,~,~,›,~,~,,,,,
,,,ƒRƒ“ƒeƒLƒXƒg‚Ι‰‚¶‚½ƒA[ƒLƒeƒNƒ`ƒƒ\‘Ά‚Μƒƒxƒ‹έ’θ‚πs‚¤‚±‚Ζ‚‚Ε‚«‚ι,,,0,1,1,1,1,1,1,1,1,1,1,1,1,1,1,1,1,1,1,Intermediate,,,,,,,,,,,,,,,,,,,,
,,,ƒA[ƒLƒeƒNƒ`ƒƒέv‚ΜƒƒXƒN‚π”c¬‚·‚ι‚±‚Ζ‚‚Ε‚«‚ι,,,0,1,1,1,1,1,1,1,1,1,1,1,1,1,1,1,1,1,1,Advanced,~,~,~,~,~,~,~,,~,~,~,~,~,›,~,,,,,
,,,ƒA[ƒLƒeƒNƒ`ƒƒ—v‚Ι‰‚¶‚½ƒA[ƒLƒeƒNƒ`ƒƒέv‚πs‚¤‚±‚Ζ‚‚Ε‚«‚ι,,,0,1,1,1,1,1,1,1,1,1,1,1,1,1,1,1,1,1,1,Advanced,~,~,~,~,~,~,~,,~,~,~,~,~,›,~,,,,,
,,J”­,,,,,,,,,,,,,,,,,,,,,,,,,,,,,,,,,,,,,,,,,,,
,,,w¦‚³‚κ‚½“ΰ—e‚πΐ‘•‚·‚ι‚±‚Ζ‚‚Ε‚«‚ι,,,0,1,1,1,1,1,1,1,1,1,1,1,1,1,1,1,1,1,1,Basic,~,~,~,~,~,~,~,,~,~,~,›,~,~,~,,,,,
,,,Ψ‚·‚Χ‚«‰Σ‚π‚Ζ‚η‚¦1ƒpƒX‚πΕ‰‚Ιΐ{‚·‚ι‚±‚Ζ‚‚Ε‚«‚ι,,,0,1,1,1,1,1,1,1,1,1,1,1,1,1,1,1,1,1,1,Basic,~,~,~,~,~,~,~,,~,~,~,›,~,~,~,,,,,
,,,ƒA[ƒLƒeƒNƒ`ƒƒ‚πΣ―‚µ‚½ΐ‘•‚π‚·‚ι‚±‚Ζ‚‚Ε‚«‚ι,,,0,1,1,1,1,1,1,1,1,1,1,1,1,1,1,1,1,1,1,Intermediate,~,~,~,~,~,~,~,,~,~,~,›,~,~,~,,,,,
,,,Δ——p‚π‘O’ρ‚Ζ‚µ‚½ƒR[ƒhƒƒtƒ@ƒNƒ^ƒƒ“ƒO‚‚Ε‚«‚ι,,,0,1,1,1,1,1,1,1,1,1,1,1,1,1,1,1,1,1,1,Advanced,,,,,,,,,,,,,,,,,,,,
,,,“Im‚ΘƒeƒXƒg‚π‹Lq‚·‚ι‚±‚Ζ‚‚Ε‚«‚ι,,,0,1,1,1,1,1,1,1,1,1,1,1,1,1,1,1,1,1,1,Intermediate,,,,,,,,,,,,,,,,,,,,
,,,ƒR[ƒhƒƒrƒ…[‚πΐ{‚µAκΡ‚µ‚½Σ}‚π“`‚¦‚ι‚±‚Ζ‚‚Ε‚«‚ι,,,0,1,1,1,1,1,1,1,1,1,1,1,1,1,1,1,1,1,1,Advanced,,,,,,,,,,,,,,,,,,,,
,,‹Zp—v‘f,,,,,,,,,,,,,,,,,,,,,,,,,,,,,,,,,,,,,,,,,,,
,,,ASP.NET,,,,,,,,,,,,,,,,,,,,,,,,,,,,,,,,,,,,,,,,,,
,,,,\‘Ά‚π—‰π‚µ‚Δ‚Ά‚ι,,0,1,1,1,1,1,1,1,1,1,1,1,1,1,1,1,1,1,1,Basic,,›,›,›,›,,,,,,,,,,,,,,,
,,,,ƒfƒoƒbƒO‚πs‚¤‚±‚Ζ‚‚Ε‚«‚ι,,0,1,1,1,1,1,1,1,1,1,1,1,1,1,1,1,1,1,1,Basic,,›,›,›,›,,,,,,,,,,,,,,,
,,,,“WJE”z’u‚πs‚¤‚±‚Ζ‚‚Ε‚«‚ι,,0,1,1,1,1,1,1,1,1,1,1,1,1,1,1,1,1,1,1,Basic,,›,›,›,›,,,,,,,,,,,,,,,
,,,,w¦‚³‚κ‚½“ΰ—e‚πΐ‘•‚·‚ι‚±‚Ζ‚‚Ε‚«‚ι,,0,1,1,1,1,1,1,1,1,1,1,1,1,1,1,1,1,1,1,Basic,,›,›,›,›,,,,,,,,,,,,,,,
,,,,Ψ‚·‚Χ‚«‰Σ‚π‚Ζ‚η‚¦1ƒpƒX‚πΕ‰‚Ιΐ{‚·‚ι‚±‚Ζ‚‚Ε‚«‚ι,,0,1,1,1,1,1,1,1,1,1,1,1,1,1,1,1,1,1,1,Intermediate,,,›,,›,,,,,,,,,,,,,,,
,,,,ƒA[ƒLƒeƒNƒ`ƒƒ‚πΣ―‚µ‚½ΐ‘•‚π‚·‚ι‚±‚Ζ‚‚Ε‚«‚ι,,0,1,1,1,1,1,1,1,1,1,1,1,1,1,1,1,1,1,1,Intermediate,,,›,,›,,,,,,,,,,,,,,,
,,,,ƒgƒ[ƒjƒ“ƒO‚Μut‚πs‚¤‚±‚Ζ‚‚Ε‚«‚ιiƒTƒ|[ƒg‚ ‚θj,,0,1,1,1,1,1,1,1,1,1,1,1,1,1,1,1,1,1,1,Intermediate,,,›,,›,,,,,,,,,,,,,,,
,,,,ƒgƒ[ƒjƒ“ƒO‚Μut‚πs‚¤‚±‚Ζ‚‚Ε‚«‚ι,,0,1,1,1,1,1,1,1,1,1,1,1,1,1,1,1,1,1,1,Intermediate,,,,,,,,,,,,,,,,,,,,
,,,,”FΨiADAƒtƒH[ƒ€”FΨj‚Μέ’θ‚πs‚¤‚±‚Ζ‚‚Ε‚«‚ι,,0,1,1,1,1,1,1,1,1,1,1,1,1,1,1,1,1,1,1,Intermediate,,,,,,,,,,,,,,,,,,,,
,,,Visual Studio,,,,,,,,,,,,,,,,,,,,,,,~,~,~,~,~,~,~,,~,~,~,~,~,~,~,,,,,
,,,,ξ–{‘€μ‚πs‚¤‚±‚Ζ‚‚Ε‚«‚ι,,0,1,1,1,1,1,1,1,1,1,1,1,1,1,1,1,1,1,1,Basic,,,›,,›,,,,,,,,,,,,,,,
,,,,ƒfƒoƒbƒO‚πs‚¤‚±‚Ζ‚‚Ε‚«‚ι,,0,1,1,1,1,1,1,1,1,1,1,1,1,1,1,1,1,1,1,Basic,,,›,,›,,,,,,,,,,,,,,,
,,,,ƒ\[ƒXΗ—‚π³‚µ‚­——p‚·‚ι‚±‚Ζ‚‚Ε‚«‚ι,,0,1,1,1,1,1,1,1,1,1,1,1,1,1,1,1,1,1,1,Basic,,,›,,›,,,,,,,,,,,,,,,
,,,,ƒeƒXƒgΐs‚π‚·‚ι‚±‚Ζ‚‚Ε‚«‚ι,,0,1,1,1,1,1,1,1,1,1,1,1,1,1,1,1,1,1,1,Basic,,,,,,,,,,,,,,,,,,,,
,,,HTML/CSS,,,,,,,,,,,,,,,,,,,,,,,,,,,,,,,,,,,,,,,,,,
,,,,w¦‚³‚κ‚½“ΰ—e‚πΐ‘•‚·‚ι‚±‚Ζ‚‚Ε‚«‚ι,,0,1,1,1,1,1,1,1,1,1,1,1,1,1,1,1,1,1,1,Basic,,›,›,›,›,,,,,,,,,,,,,,,
,,,,Ψ‚·‚Χ‚«‰Σ‚π‚Ζ‚η‚¦1ƒpƒX‚πΕ‰‚Ιΐ{‚·‚ι‚±‚Ζ‚‚Ε‚«‚ι,,0,1,1,1,1,1,1,1,1,1,1,1,1,1,1,1,1,1,1,Basic,,›,›,›,›,,,,,,,,,,,,,,,
,,,,ƒA[ƒLƒeƒNƒ`ƒƒ‚πΣ―‚µ‚½ΐ‘•‚π‚·‚ι‚±‚Ζ‚‚Ε‚«‚ι,,0,1,1,1,1,1,1,1,1,1,1,1,1,1,1,1,1,1,1,Intermediate,,,›,,›,,,,,,,,,,,,,,,
,,,,ƒgƒ[ƒjƒ“ƒO‚Μut‚πs‚¤‚±‚Ζ‚‚Ε‚«‚ιiƒTƒ|[ƒg‚ ‚θj,,0,1,1,1,1,1,1,1,1,1,1,1,1,1,1,1,1,1,1,Intermediate,,,›,,›,,,,,,,,,,,,,,,
,,,,ƒgƒ[ƒjƒ“ƒO‚Μut‚πs‚¤‚±‚Ζ‚‚Ε‚«‚ι,,0,1,1,1,1,1,1,1,1,1,1,1,1,1,1,1,1,1,1,Intermediate,,,›,,›,,,,,,,,,,,,,,,
,,,,ƒfƒUƒCƒ“’²®‚π‚·‚ι‚±‚Ζ‚‚Ε‚«‚ι,,0,1,1,1,1,1,1,1,1,1,1,1,1,1,1,1,1,1,1,Intermediate,,,,,›,,,,,,,,,,,,,,,
,,,,V‚µ‚Άƒpƒ^[ƒ“‚πμ‚ι‚±‚Ζ‚‚Ε‚«‚ι,,0,1,1,1,1,1,1,1,1,1,1,1,1,1,1,1,1,1,1,Advanced,,,,,›,,,,,,,,,,,,,,,
,,,JavaScript,,,,,,,,,,,,,,,,,,,,,,,,,,,,,,,,,,,,,,,,,,
,,,,w¦‚³‚κ‚½“ΰ—e‚πΐ‘•‚·‚ι‚±‚Ζ‚‚Ε‚«‚ι,,0,1,1,1,1,1,1,1,1,1,1,1,1,1,1,1,1,1,1,Basic,,›,›,›,›,,,,,,,,,,,,,,,
,,,,Ψ‚·‚Χ‚«‰Σ‚π‚Ζ‚η‚¦1ƒpƒX‚πΕ‰‚Ιΐ{‚·‚ι‚±‚Ζ‚‚Ε‚«‚ι,,0,1,1,1,1,1,1,1,1,1,1,1,1,1,1,1,1,1,1,Basic,,›,›,›,›,,,,,,,,,,,,,,,
,,,,ƒA[ƒLƒeƒNƒ`ƒƒ‚πΣ―‚µ‚½ΐ‘•‚π‚·‚ι‚±‚Ζ‚‚Ε‚«‚ι,,0,1,1,1,1,1,1,1,1,1,1,1,1,1,1,1,1,1,1,Intermediate,,›,,›,,,,,,,,,,,,,,,,
,,,,ƒgƒ[ƒjƒ“ƒO‚Μut‚πs‚¤‚±‚Ζ‚‚Ε‚«‚ιiƒTƒ|[ƒg‚ ‚θj,,0,1,1,1,1,1,1,1,1,1,1,1,1,1,1,1,1,1,1,Intermediate,,›,,›,,,,,,,,,,,,,,,,
,,,,ƒgƒ[ƒjƒ“ƒO‚Μut‚πs‚¤‚±‚Ζ‚‚Ε‚«‚ι,,0,1,1,1,1,1,1,1,1,1,1,1,1,1,1,1,1,1,1,Intermediate,,›,,›,,,,,,,,,,,,,,,,
,,,,ƒ‰ƒCƒuƒ‰ƒ‰»‚‚Ε‚«‚ι,,0,1,1,1,1,1,1,1,1,1,1,1,1,1,1,1,1,1,1,Advanced,,,›,,›,,,,,,,,,,,,,,,
,,,,ƒR[ƒhƒƒrƒ…[‚πs‚ΆAκΡ‚µ‚½Σ}‚π“`‚¦‚ι‚±‚Ζ‚‚Ε‚«‚ι,,0,1,1,1,1,1,1,1,1,1,1,1,1,1,1,1,1,1,1,Advanced,,,›,,›,,,,,,,,,,,,,,,
,,,C#,,,,,,,,,,,,,,,,,,,,,,,,,,,,,,,,,,,,,,,,,,
,,,,w¦‚³‚κ‚½“ΰ—e‚πΐ‘•‚·‚ι‚±‚Ζ‚‚Ε‚«‚ι,,0,1,1,1,1,1,1,1,1,1,1,1,1,1,1,1,1,1,1,Basic,,›,›,›,›,,,,,,,,,,,,,,,
,,,,Ψ‚·‚Χ‚«‰Σ‚π‚Ζ‚η‚¦1ƒpƒX‚πΕ‰‚Ιΐ{‚·‚ι‚±‚Ζ‚‚Ε‚«‚ι,,0,1,1,1,1,1,1,1,1,1,1,1,1,1,1,1,1,1,1,Basic,,›,›,›,›,,,,,,,,,,,,,,,
,,,,ƒA[ƒLƒeƒNƒ`ƒƒ‚πΣ―‚µ‚½ΐ‘•‚π‚·‚ι‚±‚Ζ‚‚Ε‚«‚ι,,0,1,1,1,1,1,1,1,1,1,1,1,1,1,1,1,1,1,1,Intermediate,,,›,,›,,,,,,,,,,,,,,,
,,,,ƒgƒ[ƒjƒ“ƒO‚Μut‚πs‚¤‚±‚Ζ‚‚Ε‚«‚ιiƒTƒ|[ƒg‚ ‚θj,,0,1,1,1,1,1,1,1,1,1,1,1,1,1,1,1,1,1,1,Intermediate,,,›,,›,,,,,,,,,,,,,,,
,,,,ƒgƒ[ƒjƒ“ƒO‚Μut‚πs‚¤‚±‚Ζ‚‚Ε‚«‚ι,,0,1,1,1,1,1,1,1,1,1,1,1,1,1,1,1,1,1,1,Intermediate,,,›,,›,,,,,,,,,,,,,,,
,,,,ƒ‰ƒCƒuƒ‰ƒ‰»‚‚Ε‚«‚ι,,0,1,1,1,1,1,1,1,1,1,1,1,1,1,1,1,1,1,1,Advanced,,,,,›,,,,,,,,,,,,,,,
,,,,ƒR[ƒhƒƒrƒ…[‚πs‚ΆAκΡ‚µ‚½Σ}‚π“`‚¦‚ι‚±‚Ζ‚‚Ε‚«‚ι,,0,1,1,1,1,1,1,1,1,1,1,1,1,1,1,1,1,1,1,Advanced,,,,,›,,,,,,,,,,,,,,,
,,,,ƒR[ƒfƒBƒ“ƒOƒpƒ^[ƒ“‚πμ‚ι‚±‚Ζ‚‚Ε‚«‚ι,,0,1,1,1,1,1,1,1,1,1,1,1,1,1,1,1,1,1,1,Advanced,,,,,›,,,,,,,,,,,,,,,
,,,SQL Server,,,,,,,,,,,,,,,,,,,,,,,,,,,,,,,,,,,,,,,,,,
,,,,w¦‚³‚κ‚½“ΰ—e‚πΐ‘•‚·‚ι‚±‚Ζ‚‚Ε‚«‚ι,,0,1,1,1,1,1,1,1,1,1,1,1,1,1,1,1,1,1,1,Basic,,›,›,›,›,,,,,,,,,,,,,,,
,,,,Ψ‚·‚Χ‚«‰Σ‚π‚Ζ‚η‚¦1ƒpƒX‚πΕ‰‚Ιΐ{‚·‚ι‚±‚Ζ‚‚Ε‚«‚ι,,0,1,1,1,1,1,1,1,1,1,1,1,1,1,1,1,1,1,1,Basic,,›,›,›,›,,,,,,,,,,,,,,,
,,,,ƒA[ƒLƒeƒNƒ`ƒƒ‚πΣ―‚µ‚½ΐ‘•‚π‚·‚ι‚±‚Ζ‚‚Ε‚«‚ι,,0,1,1,1,1,1,1,1,1,1,1,1,1,1,1,1,1,1,1,Intermediate,,,›,,›,,,,,,,,,,,,,,,
,,,,ƒgƒ[ƒjƒ“ƒO‚Μut‚πs‚¤‚±‚Ζ‚‚Ε‚«‚ιiƒTƒ|[ƒg‚ ‚θj,,0,1,1,1,1,1,1,1,1,1,1,1,1,1,1,1,1,1,1,Intermediate,,,›,,›,,,,,,,,,,,,,,,
,,,,ƒgƒ[ƒjƒ“ƒO‚Μut‚πs‚¤‚±‚Ζ‚‚Ε‚«‚ι,,0,1,1,1,1,1,1,1,1,1,1,1,1,1,1,1,1,1,1,Intermediate,,,›,,›,,,,,,,,,,,,,,,
,,,ADO.NET Entity Framwork,,,,,,,,,,,,,,,,,,,,,,,,,,,,,,,,,,,,,,,,,,
,,,,w¦‚³‚κ‚½“ΰ—e‚πΐ‘•‚·‚ι‚±‚Ζ‚‚Ε‚«‚ι,,0,1,1,1,1,1,1,1,1,1,1,1,1,1,1,1,1,1,1,Basic,,›,›,›,›,,,,,,,,,,,,,,,
,,,,Ψ‚·‚Χ‚«‰Σ‚π‚Ζ‚η‚¦1ƒpƒX‚πΕ‰‚Ιΐ{‚·‚ι‚±‚Ζ‚‚Ε‚«‚ι,,0,1,1,1,1,1,1,1,1,1,1,1,1,1,1,1,1,1,1,Basic,,›,›,›,›,,,,,,,,,,,,,,,
,,,,ƒA[ƒLƒeƒNƒ`ƒƒ‚πΣ―‚µ‚½ΐ‘•‚π‚·‚ι‚±‚Ζ‚‚Ε‚«‚ι,,0,1,1,1,1,1,1,1,1,1,1,1,1,1,1,1,1,1,1,Intermediate,,,›,,›,,,,,,,,,,,,,,,
,,,,ƒgƒ[ƒjƒ“ƒO‚Μut‚πs‚¤‚±‚Ζ‚‚Ε‚«‚ιiƒTƒ|[ƒg‚ ‚θj,,0,1,1,1,1,1,1,1,1,1,1,1,1,1,1,1,1,1,1,Intermediate,,,›,,›,,,,,,,,,,,,,,,
,,,,ƒgƒ[ƒjƒ“ƒO‚Μut‚πs‚¤‚±‚Ζ‚‚Ε‚«‚ι,,0,1,1,1,1,1,1,1,1,1,1,1,1,1,1,1,1,1,1,Intermediate,,,›,,›,,,,,,,,,,,,,,,
,,,,SP‚¨‚ζ‚ΡView‚ΜΔ‚Ρo‚µ‚πΐ‘•‚·‚ι‚±‚Ζ‚‚Ε‚«‚ι,,0,1,1,1,1,1,1,1,1,1,1,1,1,1,1,1,1,1,1,Intermediate,,,›,›,›,,,,,,,,,,,,,,,
,,,,ƒpƒtƒH[ƒ}ƒ“ƒXƒ`ƒ…[ƒjƒ“ƒO‚‚Ε‚«‚ι,,0,1,1,1,1,1,1,1,1,1,1,1,1,1,1,1,1,1,1,Advanced,,,,,›,,,,,,,,,,,,,,,
,,,,“Im‚Θƒgƒ‰ƒ“ƒUƒNƒVƒ‡ƒ“—‚πw¦Aΐ‘•‚·‚ι‚±‚Ζ‚‚Ε‚«‚ι,,0,1,1,1,1,1,1,1,1,1,1,1,1,1,1,1,1,1,1,Intermediate,,,,,›,,,,,,,,,,,,,,,
,,,‚Query,,,,,,,,,,,,,,,,,,,,,,,,,,,,,,,,,,,,,,,,,,
,,,,w¦‚³‚κ‚½“ΰ—e‚πΐ‘•‚·‚ι‚±‚Ζ‚‚Ε‚«‚ι,,0,1,1,1,1,1,1,1,1,1,1,1,1,1,1,1,1,1,1,Basic,,›,›,›,›,,,,,,,,,,,,,,,
,,,,Ψ‚·‚Χ‚«‰Σ‚π‚Ζ‚η‚¦1ƒpƒX‚πΕ‰‚Ιΐ{‚·‚ι‚±‚Ζ‚‚Ε‚«‚ι,,0,1,1,1,1,1,1,1,1,1,1,1,1,1,1,1,1,1,1,Basic,,›,›,›,›,,,,,,,,,,,,,,,
,,,,ƒA[ƒLƒeƒNƒ`ƒƒ‚πΣ―‚µ‚½ΐ‘•‚π‚·‚ι‚±‚Ζ‚‚Ε‚«‚ι,,0,1,1,1,1,1,1,1,1,1,1,1,1,1,1,1,1,1,1,Intermediate,,,›,,›,,,,,,,,,,,,,,,
,,,,ƒgƒ[ƒjƒ“ƒO‚Μut‚πs‚¤‚±‚Ζ‚‚Ε‚«‚ιiƒTƒ|[ƒg‚ ‚θj,,0,1,1,1,1,1,1,1,1,1,1,1,1,1,1,1,1,1,1,Intermediate,,,›,,›,,,,,,,,,,,,,,,
,,,,ƒgƒ[ƒjƒ“ƒO‚Μut‚πs‚¤‚±‚Ζ‚‚Ε‚«‚ι,,0,1,1,1,1,1,1,1,1,1,1,1,1,1,1,1,1,1,1,Intermediate,,,›,,›,,,,,,,,,,,,,,,
,,,,ƒ‰ƒCƒuƒ‰ƒ‰»‚‚Ε‚«‚ι,,0,1,1,1,1,1,1,1,1,1,1,1,1,1,1,1,1,1,1,Advanced,,,,,›,,,,,,,,,,,,,,,
,,,,ƒR[ƒhƒƒrƒ…[‚πs‚ΆAκΡ‚µ‚½Σ}‚π“`‚¦‚ι‚±‚Ζ‚‚Ε‚«‚ι,,0,1,1,1,1,1,1,1,1,1,1,1,1,1,1,1,1,1,1,Advanced,,,,,›,,,,,,,,,,,,,,,
,,,Web ƒT[ƒrƒX,,,,,,,,,,,,,,,,,,,,,,,,,,,,,,,,,,,,,,,,,,
,,,,w¦‚³‚κ‚½“ΰ—e‚πΐ‘•‚·‚ι‚±‚Ζ‚‚Ε‚«‚ι,,0,1,1,1,1,1,1,1,1,1,1,1,1,1,1,1,1,1,1,Basic,,›,›,›,›,,,,,,,,,,,,,,,
,,,,Ψ‚·‚Χ‚«‰Σ‚π‚Ζ‚η‚¦1ƒpƒX‚πΕ‰‚Ιΐ{‚·‚ι‚±‚Ζ‚‚Ε‚«‚ι,,0,1,1,1,1,1,1,1,1,1,1,1,1,1,1,1,1,1,1,Basic,,›,›,›,›,,,,,,,,,,,,,,,
,,,,ƒA[ƒLƒeƒNƒ`ƒƒ‚πΣ―‚µ‚½ΐ‘•‚π‚·‚ι‚±‚Ζ‚‚Ε‚«‚ι,,0,1,1,1,1,1,1,1,1,1,1,1,1,1,1,1,1,1,1,Intermediate,,,›,,›,,,,,,,,,,,,,,,
,,,,ƒgƒ[ƒjƒ“ƒO‚Μut‚πs‚¤‚±‚Ζ‚‚Ε‚«‚ιiƒTƒ|[ƒg‚ ‚θj,,0,1,1,1,1,1,1,1,1,1,1,1,1,1,1,1,1,1,1,Intermediate,,,›,,›,,,,,,,,,,,,,,,
,,,,ƒgƒ[ƒjƒ“ƒO‚Μut‚πs‚¤‚±‚Ζ‚‚Ε‚«‚ι,,0,1,1,1,1,1,1,1,1,1,1,1,1,1,1,1,1,1,1,Intermediate,,,›,,›,,,,,,,,,,,,,,,
,,,,ƒ‰ƒCƒuƒ‰ƒ‰»‚‚Ε‚«‚ι,,0,1,1,1,1,1,1,1,1,1,1,1,1,1,1,1,1,1,1,Advanced,,,,,›,,,,,,,,,,,,,,,
,,,,ƒR[ƒhƒƒrƒ…[‚πs‚ΆAκΡ‚µ‚½Σ}‚π“`‚¦‚ι‚±‚Ζ‚‚Ε‚«‚ι,,0,1,1,1,1,1,1,1,1,1,1,1,1,1,1,1,1,1,1,Advanced,,,,,›,,,,,,,,,,,,,,,
,,,,ƒR[ƒfƒBƒ“ƒOƒpƒ^[ƒ“‚πμ‚ι‚±‚Ζ‚‚Ε‚«‚ι,,0,1,1,1,1,1,1,1,1,1,1,1,1,1,1,1,1,1,1,Advanced,,,,,›,,,,,,,,,,,,,,,
,,,,,,,,,,,,,,,,,,,,,,,,,,,,,,,,,,,,,,,,,,,,,
,,,Windows Server,,,,,,,,,,,,,,,,,,,,,,,,,,,,,,,,,,,,,,,,,,
,,,,‹@”\T—v‚πΰ–Ύ‚Ε‚«‚ι,,0,1,1,1,1,1,1,1,1,1,1,1,1,1,1,1,1,1,1,Basic,,›,›,›,›,,,,,,,,,,,,,,,
,,,,ƒCƒ“ƒXƒg[ƒ‹θ‡‚π—‰π‚µ‚Δ‚Ά‚ι,,0,1,1,1,1,1,1,1,1,1,1,1,1,1,1,1,1,1,1,Basic,,›,›,›,›,,,,,,,,,,,,,,,
,,,,Β‹«\’z‚·‚ι‚±‚Ζ‚‚Ε‚«‚ι,,0,1,1,1,1,1,1,1,1,1,1,1,1,1,1,1,1,1,1,Intermediate,,,›,,›,,,,,,,,,,,,,,,
,,,,‰Ϋ‘θ”­¶‚Μ‘Ξ‰‚π‚·‚ι‚±‚Ζ‚‚Ε‚«‚ι,,0,1,1,1,1,1,1,1,1,1,1,1,1,1,1,1,1,1,1,Intermediate,,,›,,›,,,,,,,,,,,,,,,
,,,,AD‚Μέ’θ‚πs‚¤‚±‚Ζ‚‚Ε‚«‚ι,,0,1,1,1,1,1,1,1,1,1,1,1,1,1,1,1,1,1,1,Intermediate,,,,,›,,,,,,,,,,,,,,,
,,,,DNS‚Μέ’θ‚πs‚¤‚±‚Ζ‚‚Ε‚«‚ι,,0,1,1,1,1,1,1,1,1,1,1,1,1,1,1,1,1,1,1,Intermediate,,,,,›,,,,,,,,,,,,,,,
,,,,VM‚Μμ¬/έ’θ‚πs‚¤‚±‚Ζ‚‚Ε‚«‚ι,,0,1,1,1,1,1,1,1,1,1,1,1,1,1,1,1,1,1,1,Intermediate,,,,,›,,,,,,,,,,,,,,,
,,,SQL Server,,,,,,,,,,,,,,,,,,,,,,,,,,,,,,,,,,,,,,,,,,
,,,,‹@”\T—v‚πΰ–Ύ‚Ε‚«‚ι,,0,1,1,1,1,1,1,1,1,1,1,1,1,1,1,1,1,1,1,Basic,,›,›,›,›,,,,,,,,,,,,,,,
,,,,ƒCƒ“ƒXƒg[ƒ‹θ‡‚π—‰π‚µ‚Δ‚Ά‚ι,,0,1,1,1,1,1,1,1,1,1,1,1,1,1,1,1,1,1,1,Basic,,›,›,›,›,,,,,,,,,,,,,,,
,,,,Β‹«\’z‚·‚ι‚±‚Ζ‚‚Ε‚«‚ι,,0,1,1,1,1,1,1,1,1,1,1,1,1,1,1,1,1,1,1,Intermediate,,,›,,›,,,,,,,,,,,,,,,
,,,,‰Ϋ‘θ”­¶‚Μ‘Ξ‰‚π‚·‚ι‚±‚Ζ‚‚Ε‚«‚ι,,0,1,1,1,1,1,1,1,1,1,1,1,1,1,1,1,1,1,1,Intermediate,,,›,,›,,,,,,,,,,,,,,,
,,,,ƒƒvƒƒP[ƒVƒ‡ƒ“‚Μέ’θ‚π‚·‚ι‚±‚Ζ‚‚Ε‚«‚ι,,0,1,1,1,1,1,1,1,1,1,1,1,1,1,1,1,1,1,1,Intermediate,,,,,›,,,,,,,,,,,,,,,
,,,,ƒƒ|[ƒeƒBƒ“ƒOƒT[ƒrƒX‚Μέ’θ‚π‚·‚ι‚±‚Ζ‚‚Ε‚«‚ι,,0,1,1,1,1,1,1,1,1,1,1,1,1,1,1,1,1,1,1,Intermediate,,,,,›,,,,,,,,,,,,,,,
,,,,ƒf[ƒ^ƒx[ƒXμ¬Script‚πμ¬‚·‚ι‚±‚Ζ‚‚Ε‚«‚ι,,0,1,1,1,1,1,1,1,1,1,1,1,1,1,1,1,1,1,1,Intermediate,,,,,›,,,,,,,,,,,,,,,
,,,,ƒf[ƒ^““ό‚ΜScript‚πμ¬‚·‚ι‚±‚Ζ‚‚Ε‚«‚ι,,0,1,1,1,1,1,1,1,1,1,1,1,1,1,1,1,1,1,1,Intermediate,,,,,›,,,,,,,,,,,,,,,
,,,,ƒf[ƒ^ƒx[ƒXƒ`ƒ…[ƒjƒ“ƒO‚‚Ε‚«‚ι,,0,1,1,1,1,1,1,1,1,1,1,1,1,1,1,1,1,1,1,Intermediate,~,~,~,~,›,~,~,,~,~,~,~,~,~,~,,,,,
,,,,ƒoƒbƒNƒAƒbƒv‚Μέv‚¨‚ζ‚Ρέ’θ‚πs‚¤‚±‚Ζ‚‚Ε‚«‚ι,,0,1,1,1,1,1,1,1,1,1,1,1,1,1,1,1,1,1,1,Intermediate,,,,,›,,,,,,,,,,,,,,,
,,,,,,,,,,,,,,,,,,,,,,,,,,~,~,~,~,~,~,~,,~,~,~,~,~,~,~,,,,,
