,,0,,,,,,,,,,,,,,,,,,,,,,,,,,,,,,,,,,,,,,,,,
,,,,,,,2014/8,,2014/11,,2015/02,,2015/05,,2015/08,,2015/11,,2016/5,,2016/8,,,Basic,Technologist,,Developer,,Sales,,,Consultant,,,Architect,,,Project Manager,,,Target,,
No,カテゴリ,,,,,目標,セルフチェック,次回目標,セルフチェック,次回目標,セルフチェック,次回目標,セルフチェック,次回目標,セルフチェック,次回目標,セルフチェック,次回目標,セルフチェック,次回目標,セルフチェック,次回目標,Level,Basic,Basiｃ,Senior,Basiｃ,Senior,Basic,Senior,Principal,Basic,Senior,Principal,Basic,Senior,Principal,Basic,Senior,Principal,Principal,,チェック用リスト
,作業遂行スキル（基礎スキル）,,,,,,,,,,,,,,,,,,,,,,,,,,,,×,×,,×,×,×,×,×,×,×,,,,,0
,,,,,,,,,,,,,,,,,,,,,,,,,,,,,,,,,,,,,,,,,,,1
,,コミュニケーション能力,,,,,,,,,,,,,,,,,,,,,,,,,,,,,,,,,,,,,,,,,2
,,,自ら進んで挨拶をすることができる,,,5,5,5,5,5,5,5,5,5,5,5,5,5,5,5,5,5,Basic,,,,,,,,,,,,,,,,,,,,3
,,,同僚と良好な関係を築き、仕事を円滑に進めることができる,,,5,4,4,4,5,4,5,4,5,4,5,4,5,4,5,5,5,Basic,○,○,○,○,○,○,○,○,○,○,○,○,○,○,○,○,○,,,4
,,,正しい敬語を利用することができる,,,5,5,5,5,5,5,5,5,5,5,5,5,5,5,5,5,5,Basic,,,,,,,,,,,,,,,,,,,,5
,,,電話対応を行うことができる,,,5,5,5,5,5,4,4,4,4,4,4,4,4,4,4,4,4,Basic,,,,,,,,,,,,,,,,,,,,
,,,クライアントと良好な関係を築き、プロジェクトを推進できる,,,5,3,3,3,3,3,3,3,3,3,3,3,3,3,3,3,3,Intermediate,×,×,×,×,×,×,○,×,×,×,×,×,×,×,○,○,○,,,
,,,柔軟に相手の意見を取り入れることができる,,,5,4,4,4,4,3,4,3,4,3,4,3,4,3,4,3,4,Basic,,,,,,,,,,,,,,,,,,,,
,,,自己の態度や言動で他人に不快な思いをさせない気遣いができる,,,5,3,3,4,5,4,4,4,4,4,4,4,4,4,4,4,4,Basic,,,,,,,,,,,,,,,,,,,,
,,,相手の内容を正確に把握することができる,,,5,2,3,3,4,3,4,3,4,3,4,3,4,3,4,3,4,Basic,,,,,,,,,,,,,,,,,,,,
,,,積極的に自己成長に向けた活動ができる,,,5,2,3,3,4,3,4,3,4,3,4,3,4,3,4,3,4,Basic,,,,,,,,,,,,,,,,,,,,
,,,問題を隠さずに速やかに報告できる,,,5,2,3,3,4,3,4,3,4,4,4,4,4,4,4,4,4,Basic,,,,,,,,,,,,,,,,,,,,
,,,物事を正しく相手に伝達することができる,,,5,2,3,2,3,3,4,3,4,3,4,3,4,3,4,3,4,Basic,,,,,,,,,,,,,,,,,,,,
,,,物事を理解し、相手のコンテキストにあわせて説明をすることができる,,,5,2,3,3,4,3,4,3,4,3,4,4,4,4,4,4,4,Intermediate,,,,,,,,,,,,,,,,,,,,
,,作業速度,,,,,,,,,,,,,,,,,,,,,,×,×,×,×,×,×,×,,×,×,×,×,×,×,×,,,,,
,,,資料作成速度,,,5,3,4,3,4,3,3,3,3,3,3,3,3,3,3,3,3,Basic,○,○,○,○,○,○,○,○,○,○,○,○,○,○,○,○,○,,,
,,,コーディング速度,,,5,2,2,3,4,3,3,3,3,3,3,3,3,3,3,3,3,Basic,○,○,○,○,○,○,○,○,○,○,○,○,○,○,○,○,○,,,
,,,理解速度,,,5,3,3,3,4,3,3,3,3,3,3,3,3,3,3,3,3,Basic,○,○,○,○,○,○,○,○,○,○,○,○,○,○,○,○,○,,,
,,,思考速度,,,5,2,3,3,4,3,3,3,3,3,3,3,3,3,3,3,3,Basic,○,○,○,○,○,○,○,○,○,○,○,○,○,○,○,○,○,,,
,,作業遂行能力,,,,,,,,,,,,,,,,,,,,,,,,,,,,,,,,,,,,,,,,,
,,,作業分解能力,,,4,4,4,4,4,3,4,3,4,3,4,4,4,4,4,4,4,Basic,,,,,,,,,,,,,,,,,,,,
,,,作業優先順位づけ能力,,,4,3,4,4,4,3,4,3,4,4,4,4,4,4,4,4,4,Basic,○,○,○,○,○,○,○,○,○,○,○,○,○,○,○,○,○,,,
,,,作業確認能力,,,4,3,4,4,4,4,4,4,4,4,4,4,4,4,4,4,4,Basic,,,,,,,,,,,,,,,,,,,,
,,,作業調整能力,,,4,3,4,4,4,3,4,4,4,4,4,4,4,3,4,3,4,Basic,○,○,○,○,○,○,○,○,○,○,○,○,○,○,○,○,○,,,
,,,仕事上の課題を正確に伝達することができる,,,4,3,3,4,4,3,4,3,4,4,4,4,4,4,4,4,4,Basic,○,○,○,○,○,○,○,○,○,○,○,○,○,○,○,○,○,,,
,,,仕事を責任をもって最後までやり遂げることができる,,,5,5,5,5,5,5,5,5,5,5,5,5,5,3,4,4,4,Basic,,,,,,,,,,,,,,,,,,,,
,,ITスキル,,,,,,,,,,,,,,,,,,,,,,×,×,×,×,×,×,×,,×,×,×,×,×,×,×,,,,,
,,,PowerPoint,,,5,4,4,4,4,4,4,4,4,4,4,4,4,4,4,4,4,Basic,○,○,○,○,○,○,○,○,○,○,○,○,○,○,○,○,○,,,
,,,Excel,,,5,5,5,5,5,5,5,5,5,5,5,5,5,5,5,5,5,Basic,○,○,○,○,○,○,○,○,○,○,○,○,○,○,○,○,○,,,
,,,Word,,,5,5,5,5,5,5,5,5,5,5,5,5,5,5,5,5,5,Basic,○,○,○,○,○,○,○,○,○,○,○,○,○,○,○,○,○,,,
,,,メールソフト,,,5,5,5,5,5,5,5,5,5,5,5,5,5,5,5,5,5,Basic,○,○,○,○,○,○,○,○,○,○,○,○,○,○,○,○,○,,,
,,英語力,,,,,,,,,,,,,,,,,,,,,,×,×,×,×,×,×,×,,×,×,×,×,×,×,×,,,,,
,,,簡単な会話を行うことができる,,,2,1,1,1,2,1,2,1,2,1,2,2,2,2,2,2,2,Basic,○,○,○,○,○,○,○,○,○,○,○,○,○,○,○,○,○,,,
,,,技術書を読むことができる,,,1,1,1,1,1,1,1,1,1,1,1,1,1,1,1,1,1,Basic,○,○,○,○,○,○,○,○,○,○,○,○,○,○,○,○,○,,,
,,,プレゼンテーションを行うことができる,,,1,1,1,1,1,1,1,1,1,1,1,1,1,1,1,1,1,Intermediate,,,,,,,,,,,○,,,○,,,,,,
,,,ビジネスの折衝を行うことができる,,,1,1,1,1,1,1,1,1,1,1,1,1,1,1,1,1,1,Advanced,×,×,×,×,×,×,×,,×,×,×,×,×,×,×,,,,,
,,,コンサルティングを行うことができる,,,1,1,1,1,1,1,1,1,1,1,1,1,1,1,1,1,1,Advanced,,,,,,,,,,,,,,,,,,,,
,,俯瞰力,,,,,,,,,,,,,,,,,,,,,,×,×,×,×,×,×,×,,×,×,×,×,×,×,×,,,,,
,,,物事を3段階に分類して体系化することができる,,,4,2,3,3,4,3,4,3,4,3,4,3,4,3,4,3,4,Basic,○,○,○,○,○,○,○,○,○,○,○,○,○,○,○,○,○,,,
,,,上記の体系化を上から検討することができる,,,3,1,2,2,3,2,3,2,3,2,3,3,3,3,3,3,3,Intermediate,,,,,,,,,,○,○,,○,○,,,,,,
,,コンセプチュアルスキル,,,,,,,,,,,,,,,,,,,,,,×,×,×,×,×,×,×,,×,×,×,×,×,×,×,,,,,
,,,物事を理論化/体系化できる,,,3,3,3,3,3,3,3,3,3,3,3,3,3,3,3,3,3,Intermediate,×,×,×,×,×,×,×,,×,○,○,×,○,○,×,,,,,
,,,状況に応じた改善工程の優先順位づけができる,,,,,,,,,,,,1,2,2,3,2,2,2,2,,,,,,,,,,,,,,,,,,,,,
,,,改善工程を組み立てることができる,,,3,3,3,3,3,2,3,2,3,2,3,2,3,2,2,2,2,Intermediate,,,,,,,,,,○,○,,○,○,,,,,,
,,,,,,,,,,,,,,,,,,,,,,,,×,×,×,×,×,×,×,,×,×,×,×,×,×,×,,,,,
,,,,,,,,,,,,,,,,,,,,,,,,×,×,×,×,×,×,×,,×,×,×,×,×,×,×,,,,,
,,,,,,,,,,,,,,,,,,,,,,,,×,×,×,×,×,×,×,,×,×,×,×,×,×,×,,,,,
,,,,,,,,,,,,,,,,,,,,,,,,×,×,×,×,×,×,×,,×,×,×,×,×,×,×,,,,,
,営業スキル,,,,,,,,,,,,,,,,,,,,,,,×,×,×,×,×,×,×,,×,×,×,×,×,×,×,,,,,
,,サービスの説明ができる,,,,,,,,,,,,,,,,,,,,,,×,×,×,×,×,×,×,,×,×,×,×,×,×,×,,,,,
,,,アーキテクチャ戦略サービス,,,,,,,,,,,,,,,,,,,,,×,×,×,×,×,×,×,,×,×,×,×,×,×,×,,,,,
,,,,目的が説明できる,,3,0,0,0,0,0,0,0,0,0,0,0,0,0,0,0,0,Basic,×,×,×,×,×,○,○,○,○,○,○,×,×,×,×,,,,,
,,,,効果が説明できる,,3,0,0,0,0,0,0,0,0,0,0,0,0,0,0,0,0,Basic,×,×,×,×,×,○,○,○,○,○,○,×,×,×,×,,,,,
,,,,実施の流れが説明できる,,3,0,0,0,0,0,0,0,0,0,0,0,0,0,0,0,0,Basic,×,×,×,×,×,○,○,○,○,○,○,×,×,×,×,,,,,
,,,アーキテクチャ策定,,,,,,,,,,,,,,,,,,,,,×,×,×,×,×,×,×,,×,×,×,×,×,×,×,,,,,
,,,,目的が説明できる,,3,0,0,0,0,0,0,0,0,0,0,0,0,0,0,0,0,Basic,×,×,×,×,×,○,○,○,○,○,○,×,×,×,×,,,,,
,,,,効果が説明できる,,3,0,0,0,0,0,0,0,0,0,0,0,0,0,0,0,0,Basic,×,×,×,×,×,○,○,○,○,○,○,×,×,×,×,,,,,
,,,,実施の流れが説明できる,,3,0,0,0,0,0,0,0,0,0,0,0,0,0,0,0,0,Basic,×,×,×,×,×,○,○,○,○,○,○,×,×,×,×,,,,,
,,,アーキテクチャ運用,,,,,,,,,,,,,,,,,,,,,×,×,×,×,×,×,×,,×,×,×,×,×,×,×,,,,,
,,,,目的が説明できる,,3,0,0,0,0,0,0,0,0,0,0,0,0,0,0,0,0,Basic,×,×,×,×,×,○,○,○,○,○,○,×,×,×,×,,,,,
,,,,効果が説明できる,,3,0,0,0,0,0,0,0,0,0,0,0,0,0,0,0,0,Basic,×,×,×,×,×,○,○,○,○,○,○,×,×,×,×,,,,,
,,,,実施の流れが説明できる,,3,0,0,0,0,0,0,0,0,0,0,0,0,0,0,0,0,Basic,×,×,×,×,×,○,○,○,○,○,○,×,×,×,×,,,,,
,,顧客の課題をとらえることができる,,,,,,,,,,,,,,,,,,,,,,×,×,×,×,×,×,×,,×,×,×,×,×,×,×,,,,,
,,,サービス提案内容がある程度きまった顧客へのヒアリングを行うことができる,,,2,0,0,0,0,0,0,0,0,0,0,0,0,0,0,0,0,Basic,×,×,×,×,×,○,○,○,×,×,×,×,×,×,×,,,,,
,,,1st アタッチ顧客へのヒアリングができる,,,2,0,0,0,0,0,0,0,0,0,0,0,0,0,0,0,0,Intermediate,×,×,×,×,×,×,○,○,×,×,×,×,×,×,×,,,,,
,,,顧客課題の整理を行うことができる,,,2,0,0,0,0,0,0,0,0,0,0,0,0,0,0,0,0,Inermediate,×,×,×,×,×,×,○,○,×,×,×,×,×,×,×,,,,,
,,顧客の課題解消にむけた提案を実施することができる,,,,,,,,,,,,,,,,,,,,,,×,×,×,×,×,×,×,,×,×,×,×,×,×,×,,,,,
,,,ご支援目的の決定ができる,,,3,0,0,0,0,0,0,0,0,0,0,0,0,0,0,0,0,Advanced,×,×,×,×,×,×,○,○,×,×,×,×,×,×,×,,,,,
,,,ご支援目的に従った提案ができる,,,,,,,,,,,,,,,,,,,,,×,×,×,×,×,×,×,,×,×,×,×,×,×,×,,,,,
,,,,どのアークウェイサービスを提供すべきか判断ができる,,3,0,0,0,0,0,0,0,0,0,0,0,0,0,0,0,0,Basic,×,×,×,×,×,○,○,○,×,×,×,×,×,×,×,,,,,
,,,,アークウェイサービスを軸としたサービスの提案ができる,,3,0,0,0,0,0,0,0,0,0,0,0,0,0,0,0,0,Intermedeiate,×,×,×,×,×,×,○,○,×,×,×,×,×,×,×,,,,,
,,,,アークウェイサービスを顧客にフィットさせたより納得感のある提案ができる,,3,0,0,0,0,0,0,0,0,0,0,0,0,0,0,0,0,Advanced,×,×,×,×,×,×,○,○,×,×,×,×,×,×,×,,,,,
,,,ゴールまでの作業組み立てができる,,,3,0,0,0,0,0,0,0,0,0,0,0,0,0,0,0,0,Intermedeiate,×,×,×,×,×,×,×,,×,○,○,×,×,×,×,,,,,
,,,見積ができる,,,,,,,,,,,,,,,,,,,,,×,×,×,×,×,×,×,,×,×,×,×,×,×,×,,,,,
,,,,アーキテクチャ戦略,,1,0,0,0,0,0,0,0,0,0,0,0,0,0,0,0,0,Intermedeiate,×,×,×,×,×,×,○,○,×,×,○,×,×,×,×,,,,,
,,,,アーキテクチャ策定,,1,0,0,0,0,0,0,0,0,0,0,0,0,0,0,0,0,Intermedeiate,×,×,×,×,×,×,○,○,×,○,○,×,×,×,×,,,,,
,,,,アーキテクチャ運用,,1,0,0,0,0,0,0,0,0,0,0,0,0,0,0,0,0,Intermedeiate,×,×,×,×,×,×,○,○,×,○,○,×,×,×,×,,,,,
,,,,その他サービス,,1,0,0,0,0,0,0,0,0,0,0,0,0,0,0,0,0,Advanced,×,×,×,×,×,×,○,○,×,×,○,×,×,×,×,,,,,
,,,提案内容をもって顧客と金銭交渉ができる,,,1,0,0,0,0,0,0,0,0,0,0,0,0,0,0,0,0,Intermedeiate,×,×,×,×,×,×,×,,×,×,×,×,×,×,×,,,,,
,,,ストーリーに対するリスクを把握することができる,,,1,0,0,0,0,0,0,0,0,0,0,0,0,0,0,0,0,,,,,,,,,,,,,,,,,,,,,
,,,ストーリーに対するリスクの抽出、実現性の確認と対応方法の検討ができる,,,1,0,0,0,0,0,0,0,0,0,0,0,0,0,0,0,0,Advanced,,,,,,,,,,,,,,,,,,,,
,,契約締結に向けた作業を実施できる,,,,,,,,,,,,,,,,,,,,,Basic,×,×,×,×,×,○,○,○,×,×,×,×,×,×,×,,,,,
,,,アークウェイの営業プロセスを理解している,,,3,0,0,0,0,0,0,0,0,0,0,0,0,0,0,0,0,Basic,×,×,×,×,×,○,○,○,×,×,×,×,×,×,×,,,,,
,,,アークウェイの営業～売上までのプロセスを理解している,,,2,0,0,0,0,0,0,0,0,0,0,0,0,0,0,0,0,Basic,×,×,×,×,×,○,○,○,×,×,×,×,×,×,×,,,,,
,,,顧客と内容をつめながら契約手続きを進めることができる,,,2,0,0,0,0,0,0,0,0,0,0,0,0,0,0,0,0,Intermedeiate,×,×,×,×,×,×,○,○,×,×,×,×,×,×,×,,,,,
,,社交性,,,,,,,,,,,,,,,,,,,,,,×,×,×,×,×,×,×,,×,×,×,×,×,×,×,,,,,
,,,自ら進んで相手に話かけて接点をもつことができる,,,3,1,2,2,2,3,3,3,2,3,2,3,2,3,3,3,3,,,,,,,,,,,×,×,×,×,×,×,,,,,
,,実行力,,,,,,,,,,,,,,,,,,,,,,,,,,,,,,,,,,,,,,,,,
,,,困難な状況においても下がらずに前に進めることができる,,,3,1,2,2,2,3,3,3,2,3,2,3,2,3,3,3,3,,×,×,×,×,×,×,×,,×,×,×,×,×,×,×,,,,,
,コンサルティングスキル,,,,,,,,,,,,,,,,,,,,,,,,,,,,,,,,×,×,×,×,×,×,,,,,
,,ゴールとスコープを意識してデリバリできる,,,,,,,,,,,,,,,,,,,,,,×,×,×,×,×,×,×,,×,×,×,×,×,×,×,,,,,
,,,ゴールとスコープを説明できる,,,4,3,3,3,3,3,3,3,3,3,3,3,3,3,3,3,3,Basic,×,×,×,×,×,×,×,,○,○,○,×,×,×,×,,,,,
,,,ゴールとスコープの変更が必要な場合に調整ができる,,,2,1,1,1,1,1,1,1,1,1,1,2,3,2,3,2,3,Intermediate,×,×,×,×,×,×,×,,×,○,○,×,×,×,×,,,,,
,,,ゴールに対してのストーリーの組み立てができる,,,4,3,3,3,3,2,3,2,3,2,3,2,3,2,2,2,2,Intermediate,,,,,,,,,,○,○,,,,,,,,,
,,,ストーリーに対するリスクの抽出、実現性の確認と対応方法の検討ができる,,,4,3,3,3,3,3,3,2,3,2,3,3,3,2,3,2,3,Intermediate,,,,,,,,,,○,○,,,,,,,,,
,,,分解した内容のゴールと全体のゴールの整合性を確認することができる,,,4,3,4,2,3,2,3,2,3,3,4,3,4,3,4,3,4,Advanced,,,,,,,,,,○,○,,,,,,,,,
,,,ストーリーの具象化を行うことができる,,,4,3,3,3,3,3,3,3,3,3,3,3,4,3,4,3,4,Advanced,,,,,,,,,,○,○,,,,,,,,,
,,ミーティングのファシリティーションができる,,,,,,,,,,,,,,,,,,,,,,×,×,×,×,×,×,×,,○,○,○,×,×,×,×,,,,,
,,,組み立てられた内容を説明できる,,,4,3,3,4,4,4,4,4,4,4,4,4,4,4,4,4,4,Basic,×,×,×,×,×,×,×,,×,○,○,×,×,×,×,,,,,
,,,自分で論理的な組み立てができる,,,4,3,4,3,4,3,4,3,4,3,4,3,4,3,4,3,4,Intermediate,×,×,×,×,×,×,×,,×,○,○,×,×,×,×,,,,,
,,,異なる意見を一つの方向性にまとめていくことができる,,,2,1,1,1,2,1,2,1,2,1,2,1,2,1,2,1,2,Advanced,×,×,×,×,×,×,×,,×,○,○,×,×,×,×,,,,,
,,,想定のストーリーと異なった場合の対応ができる,,,,,,,,,,,,,,,,,,,,Advanced,×,×,×,×,×,×,×,,×,○,○,×,×,×,×,,,,,
,,,,ゴールの再設定,,1,1,1,1,1,1,1,1,1,2,1,2,2,2,2,2,2,,×,×,×,×,×,×,×,,×,○,○,×,×,×,×,,,,,
,,,,作業優先順位の調整,,1,1,1,2,2,2,2,2,2,2,2,2,2,2,2,2,2,,×,×,×,×,×,×,×,,×,○,○,×,×,×,×,,,,,
,,,,作業内容の調整,,1,1,1,3,3,3,3,3,3,3,3,3,3,3,3,3,3,,×,×,×,×,×,×,×,,×,○,○,×,×,×,×,,,,,
,,,,スケジュールの調整,,1,1,1,3,3,3,3,3,3,3,3,3,3,3,3,3,3,,×,×,×,×,×,×,×,,×,○,○,×,×,×,×,,,,,
,,,顧客との合意に向けた戦略をたてることができる,,,1,1,1,1,1,1,1,1,1,1,1,2,2,2,2,2,2,Intermediate,×,×,×,×,×,×,×,,×,○,○,×,×,×,×,,,,,
,,ミーティング内容を把握できる,,,,,,,,,,,,,,,,,,,,,,×,×,×,×,×,×,×,,×,×,×,×,×,×,×,,,,,
,,,「決定内容」と「検討事項」が明確な議事録を作成することができる,,,3,3,3,3,3,3,3,3,3,3,3,3,3,3,3,3,3,Basic,×,×,×,×,×,×,×,,○,○,○,×,×,×,×,,,,,
,,,ミーティングのサマリを正確に伝達することができる（決定事項/検討事項/課題）,,,2,2,2,2,3,2,3,2,3,3,3,3,3,3,3,3,3,Basic,×,×,×,×,×,×,×,,○,○,○,×,×,×,×,,,,,
,,課題発生時の対応ができる,,,,,,,,,,,,,,,,,,,,,,×,×,×,×,×,×,×,,×,×,×,×,×,×,×,,,,,
,,,課題を把握し、正しくエスカレーションすることができる,,,5,5,5,5,5,4,5,4,5,4,5,4,5,3,4,3,4,Basic,×,×,×,×,×,×,×,,○,○,○,×,×,×,×,,,,,
,,,課題に対してどのように対応すべきか支援の目的に従って検討することができる,,,3,3,3,3,3,4,4,4,3,4,4,4,3,3,4,3,4,Intermediate,×,×,×,×,×,×,×,,×,○,○,×,×,×,×,,,,,
,,,課題に対しての対応を顧客に説明し、納得させることができる,,,1,1,1,1,1,1,1,1,1,2,2,2,1,2,3,2,3,Intermediate,×,×,×,×,×,×,×,,×,○,○,×,×,×,×,,,,,
,,,上記対応をその場で行うことができる,,,1,1,1,1,1,1,1,1,1,1,1,1,1,1,1,1,1,Advanced,×,×,×,×,×,×,×,,×,×,○,×,×,×,×,,,,,
,,正しい判断ができる,,,,,,,,,,,,,,,,,,,,,,×,×,×,×,×,×,×,,×,×,×,×,×,×,×,,,,,
,,,顧客の意思決定の軸を把握することができる,,,1,1,1,1,1,1,1,1,1,1,1,2,1,2,3,2,3,Intermediate,×,×,×,×,×,×,×,,×,×,×,×,×,×,×,,,,,
,,,,,,,,,,,,,,,,,,,,,,,,,,,,,,,,○,○,○,,,,,,,,,
,,体系化,,,,,,,,,,,,,,,,,,,,,,×,×,×,×,×,×,×,,×,○,○,×,×,×,×,,,,,
,,,作成した資料が再利用される,,,1,1,1,2,2,2,2,2,2,2,2,2,2,2,2,2,2,Intermediate,×,×,×,×,×,×,×,,×,×,×,×,×,×,×,,,,,
,,,再利用を意識した資料作成ができる,,,1,1,1,1,1,1,1,1,1,2,1,2,2,2,2,2,2,Intermediate,,,,,,,,,,,,,,,,,,,,
,,,,,,,,,,,,,,,,,,,,,,,,,,,,,,,,,,,,,,,,,,,
,,完遂力,,,,,,,,,,,,,,,,,,,,,,,,,,,,,,,,,,,,,,,,,
,,,あきらめずに最後までやり遂げようという意思がある,,,5,5,5,5,5,5,5,5,5,5,5,5,5,4,5,4,5,Basic,,,,,,,,,,,,,,,,,,,,
,,,あきらめずに最後までやり遂げることができる,,,5,3,3,4,5,4,5,4,5,4,5,4,5,3,4,4,4,Intermediate,,,,,,,,,,,,,,,,,,,,
,,全体把握力,,,,,,,,,,,,,,,,,,,,,,×,×,×,×,×,×,×,,×,×,×,×,×,×,×,,,,,
,,,新しい事項の把握をすることができる,,,3,3,3,3,3,3,3,3,3,3,3,3,3,3,3,3,3,Basic,×,×,×,×,×,×,×,,×,×,×,×,×,×,×,,,,,
,,,要点を正しく早く理解することができる,,,3,3,3,3,4,3,4,3,4,3,4,3,4,3,3,3,3,Intermediate,×,×,×,×,×,×,×,,×,×,×,×,×,×,×,,,,,
,,分解能力,,,,,,,,,,,,,,,,,,,,,,,,,,,,,,,,,,,,,,,,,
,,,物事を分解することができる,,,3,3,3,3,3,3,3,3,3,3,3,3,3,3,3,3,3,,,,,,,,,,,,,,,,,,,,,
,,交渉力,,,,,,,,,,,,,,,,,,,,,,×,×,×,×,×,×,×,,×,×,×,×,×,×,×,,,,,
,,,既存顧客との交渉ができる,,,3,0,0,0,0,1,2,1,2,1,2,1,2,1,1,1,1,Basic,×,×,×,×,×,×,×,,○,○,○,×,×,×,×,,,,,
,,,新規顧客との交渉ができる,,,3,0,0,0,0,0,0,0,0,0,0,0,0,0,0,0,0,Intermediate,×,×,×,×,×,×,×,,×,○,○,×,×,×,×,,,,,
,,,困難な状況での顧客との交渉ができる（話がこじれた後、顧客が不満をもっている、落としどころがみつからない・・・etc),,,3,0,0,0,0,0,1,0,1,0,1,0,1,0,0,0,0,Advanced,×,×,×,×,×,×,×,,×,×,○,×,×,×,×,,,,,
,マネージメント,,,,,,,,,,,,,,,,,,,,,,,×,×,×,×,×,×,×,,×,×,×,×,×,×,×,,,,,
,,チーム牽引力,,,,,,,,,,,,,,,,,,,,,,,,,,,,,,,,,,,,,,,,,
,,,目的を共有してメンバーのやる気を出させる,,,,,,,,,,,,2,3,3,4,3,4,3,4,,,,,,,,,,,,,,,,,,,,,
,,,ゴールに向かってチームを引っ張ることができる,,,,,,,,,,,,2,3,2,4,2,3,3,3,,,,,,,,,,,,,,,,,,,,,
,,作業進捗管理,,,,,,,,,,,,,,,,,,,,,,×,×,×,×,×,×,×,,×,×,×,×,×,×,×,,,,,
,,,自分の作業を分解することができる,,,5,5,5,5,5,4,5,4,5,4,5,4,5,4,5,4,5,Basic,○,○,○,○,○,,,,,,,,,,,,,,,
,,,上位の作業ゴールを理解することができる,,,4,3,3,4,4,4,4,4,4,4,4,4,4,4,4,4,4,Intermediate,○,○,○,○,○,,,,,,,,,,,,,,,
,,,自分の作業の進捗状況を正確に把握できる,,,5,5,5,5,5,5,5,5,5,5,5,5,5,5,5,5,5,Basic,○,○,○,○,○,,,,,,,,,,,,,,,
,,,作業進捗状況を正確にリーダーに報告できる,,,5,5,5,5,5,5,5,5,5,5,5,5,5,5,5,5,5,Basic,○,○,○,○,○,,,,,,,,,,,,,,,
,,,作業遅延の理由を説明することができる,,,5,5,5,5,5,5,5,5,5,5,5,5,5,5,5,5,5,Basic,○,○,○,○,○,,,,,,,,,,,,,,,
,,,複数のメンバーで実施している作業を分解することができる,,,4,3,3,3,3,3,3,3,3,4,4,4,4,4,3,4,3,Intermediate,,,,,,,,,,,,,,,,,,,,
,,,複数のメンバーで実施している作業進捗を正確に把握できる,,,4,2,2,3,3,3,4,4,4,4,4,4,4,4,4,4,4,Intermediate,×,×,×,×,×,×,×,,×,×,×,×,×,×,○,○,○,,,
,,,複数のメンバーで実施している作業進捗に応じて、作業調整を行うことができる,,,4,2,2,3,3,3,4,4,4,4,4,4,4,4,4,4,4,Intermediate,×,×,×,×,×,×,×,,×,×,×,×,×,×,○,○,○,,,
,,,,,,,,,,,,,,,,,,,,,,,,×,×,×,×,×,×,×,,×,×,×,×,×,×,×,×,×,,,
,,工数/費用管理,,,,,,,,,,,,,,,,,,,,,,×,×,×,×,×,×,×,,×,×,×,×,×,×,×,×,×,,,
,,,指示された作業を正確に実施することができる,,,3,3,3,4,4,4,4,4,4,4,4,4,4,4,4,4,4,Basic,○,○,○,○,○,×,×,,×,×,×,×,×,×,×,×,×,,,
,,,自分の作業工数を正確に把握できる,,,5,5,5,5,5,5,5,5,5,5,5,5,5,5,5,5,5,Basic,○,○,○,○,○,×,×,,×,×,×,×,×,×,×,×,×,,,
,,,複数のメンバーで実施している作業工数を把握することができる,,,3,2,2,3,3,3,3,4,4,4,4,4,4,4,4,4,4,Intermediate,×,×,×,×,×,×,×,,×,×,×,×,×,×,○,○,○,,,
,,,工数超過理由を把握することができる,,,3,2,2,4,4,4,4,4,4,4,4,4,4,4,4,4,4,Intermediate,,,,,,,,,,,,,,,,,,,,
,,,工数超過前にリスクを感知することができる,,,2,0,0,3,3,3,3,3,3,3,3,3,3,3,3,3,3,Advanced,×,×,×,×,×,×,×,,×,×,×,×,×,×,○,○,○,,,
,,メンバー管理,,,,,,,,,,,,,,,,,,,,,,×,×,×,×,×,×,×,,×,×,×,×,×,×,×,×,×,,,
,,,メンバーの作業状況を把握することができる,,,3,3,3,4,4,4,4,4,4,4,4,4,4,4,4,4,4,Basic,×,×,×,×,×,×,×,,×,○,○,×,×,×,○,○,○,,,
,,,メンバーの課題を把握することができる,,,3,2,2,3,3,3,3,3,3,4,4,4,3,4,3,4,3,Intermediate,×,×,×,×,×,×,×,,×,○,○,×,×,×,○,○,○,,,
,,,メンバーの課題を解決する道筋をたてることができる,,,3,1,1,2,2,2,3,3,3,3,3,3,3,3,3,3,3,Intermediate,×,×,×,×,×,×,×,,×,○,○,×,×,×,○,○,○,,,
,,カスタマーリレーション,,,,,,,,,,,,,,,,,,,,,,,,,,,,,,,,,,,,,,,,,
,,,適切なタイミングで報告を行うことができる,,,3,2,2,3,3,3,3,3,3,4,4,4,4,4,4,4,4,Basic,,,,,,,,,,,,,,,,,,,,
,,,顧客と目的、問題、タスクの共有を行うことができる,,,3,3,3,3,3,3,3,3,3,3,3,3,3,3,3,3,3,Basic,,,,,,,,,,,,,,,,,,,,
,,,問題が起きた際の調整、修正を行うことができる,,,3,2,2,2,2,2,2,2,2,4,4,4,4,4,4,4,4,Basic,,,,,,,,,,,,,,,,,,,,
,,,顧客と納品に向けた作業/スケジュール調整を行うことができる,,,3,2,2,2,2,2,3,2,3,3,3,3,3,3,3,3,3,Basic,,,,,,,,,,,,,,,,,,,,
,,,次の提案を意識して顧客との関係性を築くことができる,,,3,2,2,2,2,2,2,2,2,2,2,2,2,2,2,2,2,Intermediate,,,,,,,,,,,,,,,,,,,,
,,,作業価値（効果）の説明を行うことができる,,,3,2,2,2,2,2,2,2,2,2,2,2,2,2,2,2,2,Intermediate,,,,,,,,,,,,,,,,,,,,
,技術スキル,,,,,,,,,,,,,,,,,,,,,,,,,,,,,,,,,,,,,,,,,,
,,アーキテクト,,,,,,,,,,,,,,,,,,,,,,,,,,,,,,,,,,,,,,,,,
,,,アークウェイのアーキテクチャ指針を理解している,,,2,2,2,3,3,3,3,3,3,3,3,3,3,3,3,3,3,Basic,×,×,×,×,×,×,×,,×,×,×,○,×,×,×,,,,,
,,,アークウェイのアーキテクチャ指針を説明できる,,,2,1,1,1,1,1,1,1,1,1,1,1,1,1,1,1,1,Intermediate,×,×,×,×,×,×,×,,×,×,×,×,○,×,×,,,,,
,,,アークウェイの基本アーキテクチャ構造を説明できる,,,2,1,1,2,2,3,2,3,2,3,2,3,2,3,2,3,2,Basic,×,×,×,×,×,×,×,,×,×,×,○,×,×,×,,,,,
,,,アークウェイの基本アーキテクチャ構造の意図を説明できる,,,2,1,1,1,1,2,1,2,1,2,1,2,1,2,1,2,1,Intermediate,×,×,×,×,×,×,×,,×,×,×,×,○,×,×,,,,,
,,,コンテキストに応じたアーキテクチャ構造のレベル設定を行うことができる,,,2,2,2,2,2,2,2,2,2,2,2,2,2,2,2,2,2,Intermediate,,,,,,,,,,,,,,,,,,,,
,,,アーキテクチャ設計時のリスクを把握することができる,,,2,2,2,2,2,2,2,2,2,2,2,2,2,2,2,2,2,Advanced,×,×,×,×,×,×,×,,×,×,×,×,×,○,×,,,,,
,,,アーキテクチャ要件に応じたアーキテクチャ設計を行うことができる,,,2,2,2,2,2,2,2,2,2,2,2,2,2,2,2,2,2,Advanced,×,×,×,×,×,×,×,,×,×,×,×,×,○,×,,,,,
,,開発,,,,,,,,,,,,,,,,,,,,,,,,,,,,,,,,,,,,,,,,,
,,,指示された内容を実装することができる,,,5,5,5,5,5,3,4,3,5,3,3,3,3,3,3,3,3,Basic,×,×,×,×,×,×,×,,×,×,×,○,×,×,×,,,,,
,,,検証すべき箇所をとらえ1パスを最初に実施することができる,,,2,1,1,3,3,3,3,3,3,3,3,3,3,3,3,3,3,Basic,×,×,×,×,×,×,×,,×,×,×,○,×,×,×,,,,,
,,,アーキテクチャを意識した実装をすることができる,,,3,3,3,4,4,3,4,3,4,3,3,3,3,3,3,3,3,Intermediate,×,×,×,×,×,×,×,,×,×,×,○,×,×,×,,,,,
,,,再利用を前提としたコードリファクタリングができる,,,2,1,1,2,2,2,2,2,2,2,2,2,2,2,2,2,2,Advanced,,,,,,,,,,,,,,,,,,,,
,,,的確なテストを記述することができる,,,3,3,3,4,4,4,4,4,4,4,4,4,4,4,4,4,4,Intermediate,,,,,,,,,,,,,,,,,,,,
,,,コードレビューを実施し、一貫した意図を伝えることができる,,,2,0,0,0,0,0,0,1,0,1,2,2,3,2,3,2,3,Advanced,,,,,,,,,,,,,,,,,,,,
,,技術要素,,,,,,,,,,,,,,,,,,,,,,,,,,,,,,,,,,,,,,,,,
,,,ASP.NET,,,,,,,,,,,,,,,,,,,,,,,,,,,,,,,,,,,,,,,,
,,,,構造を理解している,,2,0,0,2,2,2,2,2,2,2,2,2,2,2,2,2,2,Basic,,○,○,○,○,,,,,,,,,,,,,,,
,,,,デバッグを行うことができる,,3,3,3,4,4,3,4,3,4,3,4,3,4,3,4,3,4,Basic,,○,○,○,○,,,,,,,,,,,,,,,
,,,,展開・配置を行うことができる,,3,3,3,3,3,3,3,3,3,3,3,3,3,3,3,3,3,Basic,,○,○,○,○,,,,,,,,,,,,,,,
,,,,指示された内容を実装することができる,,3,3,3,3,3,3,3,3,3,3,3,3,3,3,3,3,3,Basic,,○,○,○,○,,,,,,,,,,,,,,,
,,,,検証すべき箇所をとらえ1パスを最初に実施することができる,,0,0,0,1,1,1,1,1,1,1,1,1,1,1,1,1,1,Intermediate,,,○,,○,,,,,,,,,,,,,,,
,,,,アーキテクチャを意識した実装をすることができる,,0,0,0,3,3,3,3,3,3,3,3,3,3,3,3,3,3,Intermediate,,,○,,○,,,,,,,,,,,,,,,
,,,,トレーニングの講師を行うことができる（サポートあり）,,0,0,0,2,3,2,3,2,3,2,3,2,3,2,3,2,3,Intermediate,,,○,,○,,,,,,,,,,,,,,,
,,,,トレーニングの講師を行うことができる,,0,0,0,2,3,2,3,2,3,2,3,2,3,2,3,2,3,Intermediate,,,,,,,,,,,,,,,,,,,,
,,,,認証（AD、フォーム認証）の設定を行うことができる,,0,0,0,0,1,0,1,0,1,0,1,0,1,0,1,0,1,Intermediate,,,,,,,,,,,,,,,,,,,,
,,,Visual Studio,,,,,,,,,,,,,,,,,,,,,×,×,×,×,×,×,×,,×,×,×,×,×,×,×,,,,,
,,,,基本操作を行うことができる,,3,3,3,4,4,4,4,4,4,4,4,4,4,4,4,4,4,Basic,,,○,,○,,,,,,,,,,,,,,,
,,,,デバッグを行うことができる,,4,4,4,4,4,4,4,4,4,4,4,4,4,4,4,4,4,Basic,,,○,,○,,,,,,,,,,,,,,,
,,,,ソース管理を正しく利用することができる,,4,4,4,4,4,4,4,4,4,4,4,4,4,4,4,4,4,Basic,,,○,,○,,,,,,,,,,,,,,,
,,,,テスト実行をすることができる,,3,0,0,4,4,4,4,4,4,4,4,4,4,4,4,4,4,Basic,,,,,,,,,,,,,,,,,,,,
,,,HTML/CSS,,,,,,,,,,,,,,,,,,,,,,,,,,,,,,,,,,,,,,,,
,,,,指示された内容を実装することができる,,4,4,4,4,4,4,4,4,4,4,4,4,4,4,4,4,4,Basic,,○,○,○,○,,,,,,,,,,,,,,,
,,,,検証すべき箇所をとらえ1パスを最初に実施することができる,,4,4,4,4,4,4,4,4,4,4,4,4,4,4,4,4,4,Basic,,○,○,○,○,,,,,,,,,,,,,,,
,,,,アーキテクチャを意識した実装をすることができる,,4,4,4,4,4,4,4,4,4,4,4,4,4,4,4,4,4,Intermediate,,,○,,○,,,,,,,,,,,,,,,
,,,,トレーニングの講師を行うことができる（サポートあり）,,2,1,1,3,3,3,3,3,3,3,3,3,3,3,3,3,3,Intermediate,,,○,,○,,,,,,,,,,,,,,,
,,,,トレーニングの講師を行うことができる,,2,1,1,2,2,2,2,2,2,2,2,2,2,2,2,2,2,Intermediate,,,○,,○,,,,,,,,,,,,,,,
,,,,デザイン調整をすることができる,,2,1,1,3,3,3,3,3,3,3,3,3,3,3,3,3,3,Intermediate,,,,,○,,,,,,,,,,,,,,,
,,,,新しいパターンを作ることができる,,1,0,0,2,2,2,2,2,2,2,2,2,2,2,2,2,2,Advanced,,,,,○,,,,,,,,,,,,,,,
,,,JavaScript,,,,,,,,,,,,,,,,,,,,,,,,,,,,,,,,,,,,,,,,
,,,,指示された内容を実装することができる,,5,4,4,4,4,4,4,4,4,4,4,4,4,4,4,4,4,Basic,,○,○,○,○,,,,,,,,,,,,,,,
,,,,検証すべき箇所をとらえ1パスを最初に実施することができる,,5,4,4,4,4,4,4,4,4,4,4,4,4,4,4,4,4,Basic,,○,○,○,○,,,,,,,,,,,,,,,
,,,,アーキテクチャを意識した実装をすることができる,,4,3,3,3,3,3,3,3,3,3,3,3,3,3,3,3,3,Intermediate,,○,,○,,,,,,,,,,,,,,,,
,,,,トレーニングの講師を行うことができる（サポートあり）,,5,4,4,4,4,4,4,4,4,4,4,4,4,4,4,4,4,Intermediate,,○,,○,,,,,,,,,,,,,,,,
,,,,トレーニングの講師を行うことができる,,4,3,3,4,4,4,4,4,4,4,4,4,4,4,4,4,4,Intermediate,,○,,○,,,,,,,,,,,,,,,,
,,,,ライブラリ化ができる,,4,3,3,3,3,3,3,3,3,3,3,3,3,3,3,3,3,Advanced,,,○,,○,,,,,,,,,,,,,,,
,,,,コードレビューを行い、一貫した意図を伝えることができる,,2,1,1,1,1,1,1,1,1,1,1,1,1,1,1,1,1,Advanced,,,○,,○,,,,,,,,,,,,,,,
,,,C#,,,,,,,,,,,,,,,,,,,,,,,,,,,,,,,,,,,,,,,,
,,,,指示された内容を実装することができる,,4,3,3,3,3,3,3,3,3,3,3,3,3,3,3,3,3,Basic,,○,○,○,○,,,,,,,,,,,,,,,
,,,,検証すべき箇所をとらえ1パスを最初に実施することができる,,4,3,3,3,3,3,3,3,3,3,3,3,3,3,3,3,3,Basic,,○,○,○,○,,,,,,,,,,,,,,,
,,,,アーキテクチャを意識した実装をすることができる,,4,3,3,3,3,3,3,3,3,3,3,3,3,3,3,3,3,Intermediate,,,○,,○,,,,,,,,,,,,,,,
,,,,トレーニングの講師を行うことができる（サポートあり）,,1,0,0,2,2,2,2,2,2,2,2,2,2,2,2,2,2,Intermediate,,,○,,○,,,,,,,,,,,,,,,
,,,,トレーニングの講師を行うことができる,,1,0,0,2,2,2,2,2,2,2,2,2,2,2,2,2,2,Intermediate,,,○,,○,,,,,,,,,,,,,,,
,,,,ライブラリ化ができる,,2,1,1,1,1,1,1,1,1,1,1,1,1,1,1,1,1,Advanced,,,,,○,,,,,,,,,,,,,,,
,,,,コードレビューを行い、一貫した意図を伝えることができる,,2,1,1,1,1,1,1,1,1,1,1,1,1,1,1,1,1,Advanced,,,,,○,,,,,,,,,,,,,,,
,,,,コーディングパターンを作ることができる,,2,1,1,1,1,1,1,1,1,1,1,1,1,1,1,1,1,Advanced,,,,,○,,,,,,,,,,,,,,,
,,,SQL Server,,,,,,,,,,,,,,,,,,,,,,,,,,,,,,,,,,,,,,,,
,,,,指示された内容を実装することができる,,3,3,3,3,3,3,3,3,3,3,3,3,3,3,3,3,3,Basic,,○,○,○,○,,,,,,,,,,,,,,,
,,,,検証すべき箇所をとらえ1パスを最初に実施することができる,,3,3,3,3,3,3,3,3,3,3,3,3,3,3,3,3,3,Basic,,○,○,○,○,,,,,,,,,,,,,,,
,,,,アーキテクチャを意識した実装をすることができる,,2,0,0,1,1,1,1,1,1,1,1,1,1,1,1,1,1,Intermediate,,,○,,○,,,,,,,,,,,,,,,
,,,,トレーニングの講師を行うことができる（サポートあり）,,2,0,0,2,2,2,0,2,2,2,0,2,0,2,0,2,0,Intermediate,,,○,,○,,,,,,,,,,,,,,,
,,,,トレーニングの講師を行うことができる,,2,0,0,2,2,2,0,2,2,2,0,2,0,2,0,2,0,Intermediate,,,○,,○,,,,,,,,,,,,,,,
,,,ADO.NET Entity Framwork,,,,,,,,,,,,,,,,,,,,,,,,,,,,,,,,,,,,,,,,
,,,,指示された内容を実装することができる,,3,3,3,3,3,3,3,3,3,3,3,3,3,3,3,3,3,Basic,,○,○,○,○,,,,,,,,,,,,,,,
,,,,検証すべき箇所をとらえ1パスを最初に実施することができる,,3,3,3,3,3,3,3,3,3,3,3,3,3,3,3,3,3,Basic,,○,○,○,○,,,,,,,,,,,,,,,
,,,,アーキテクチャを意識した実装をすることができる,,3,0,0,3,3,3,3,3,3,3,3,3,3,3,3,3,3,Intermediate,,,○,,○,,,,,,,,,,,,,,,
,,,,トレーニングの講師を行うことができる（サポートあり）,,3,0,0,4,4,4,4,4,4,4,4,4,4,4,4,4,4,Intermediate,,,○,,○,,,,,,,,,,,,,,,
,,,,トレーニングの講師を行うことができる,,3,0,0,3,3,3,3,3,3,3,3,3,3,3,3,3,3,Intermediate,,,○,,○,,,,,,,,,,,,,,,
,,,,SPおよびViewの呼び出しを実装することができる,,3,0,0,4,4,4,4,4,4,4,4,4,4,4,4,4,4,Intermediate,,,○,○,○,,,,,,,,,,,,,,,
,,,,パフォーマンスチューニングができる,,3,0,0,2,2,2,2,2,2,2,2,2,2,2,2,2,2,Advanced,,,,,○,,,,,,,,,,,,,,,
,,,,的確なトランザクション処理を指示、実装することができる,,3,0,0,3,3,3,3,3,3,3,3,3,3,3,3,3,3,Intermediate,,,,,○,,,,,,,,,,,,,,,
,,,ｊQuery,,,,,,,,,,,,,,,,,,,,,,,,,,,,,,,,,,,,,,,,
,,,,指示された内容を実装することができる,,3,3,3,3,3,3,3,3,3,3,3,3,3,3,3,3,3,Basic,,○,○,○,○,,,,,,,,,,,,,,,
,,,,検証すべき箇所をとらえ1パスを最初に実施することができる,,3,3,3,3,3,3,3,3,3,3,3,3,3,3,3,3,3,Basic,,○,○,○,○,,,,,,,,,,,,,,,
,,,,アーキテクチャを意識した実装をすることができる,,1,1,1,3,4,3,4,3,4,3,4,3,4,3,4,3,4,Intermediate,,,○,,○,,,,,,,,,,,,,,,
,,,,トレーニングの講師を行うことができる（サポートあり）,,4,4,4,4,4,4,4,4,4,4,4,4,4,4,4,4,4,Intermediate,,,○,,○,,,,,,,,,,,,,,,
,,,,トレーニングの講師を行うことができる,,4,4,4,4,4,4,4,4,4,4,4,4,4,4,4,4,4,Intermediate,,,○,,○,,,,,,,,,,,,,,,
,,,,ライブラリ化ができる,,3,3,3,3,3,3,3,3,3,3,3,3,3,3,3,3,3,Advanced,,,,,○,,,,,,,,,,,,,,,
,,,,コードレビューを行い、一貫した意図を伝えることができる,,2,1,1,1,1,1,1,1,1,1,1,1,1,1,1,1,1,Advanced,,,,,○,,,,,,,,,,,,,,,
,,,Web サービス,,,,,,,,,,,,,,,,,,,,,,,,,,,,,,,,,,,,,,,,
,,,,指示された内容を実装することができる,,3,3,3,3,3,3,3,3,3,3,3,3,3,3,3,3,3,Basic,,○,○,○,○,,,,,,,,,,,,,,,
,,,,検証すべき箇所をとらえ1パスを最初に実施することができる,,3,3,3,3,3,3,3,3,3,3,3,3,3,3,3,3,3,Basic,,○,○,○,○,,,,,,,,,,,,,,,
,,,,アーキテクチャを意識した実装をすることができる,,2,0,0,3,3,3,3,3,3,3,3,3,3,3,3,3,3,Intermediate,,,○,,○,,,,,,,,,,,,,,,
,,,,トレーニングの講師を行うことができる（サポートあり）,,2,0,0,3,3,3,3,3,3,3,3,3,3,3,3,3,3,Intermediate,,,○,,○,,,,,,,,,,,,,,,
,,,,トレーニングの講師を行うことができる,,2,0,0,1,2,2,3,2,3,2,3,2,3,2,3,2,3,Intermediate,,,○,,○,,,,,,,,,,,,,,,
,,,,ライブラリ化ができる,,1,1,1,1,1,1,1,1,1,1,1,1,1,1,1,1,1,Advanced,,,,,○,,,,,,,,,,,,,,,
,,,,コードレビューを行い、一貫した意図を伝えることができる,,1,1,1,1,1,1,1,1,1,1,1,1,1,1,1,1,1,Advanced,,,,,○,,,,,,,,,,,,,,,
,,,,コーディングパターンを作ることができる,,1,1,1,1,1,1,1,1,1,1,1,1,1,1,1,1,1,Advanced,,,,,○,,,,,,,,,,,,,,,
,,,,,,,,,,,,,,,,,,,,,,,,,,,,,,,,,,,,,,,,,,,
,,,Windows Server,,,,,,,,,,,,,,,,,,,,,,,,,,,,,,,,,,,,,,,,
,,,,機能概要を説明できる,,2,0,0,0,0,0,0,0,0,0,0,0,0,0,0,0,0,Basic,,○,○,○,○,,,,,,,,,,,,,,,
,,,,インストール手順を理解している,,2,0,0,0,0,0,0,1,1,1,1,1,1,1,1,1,1,Basic,,○,○,○,○,,,,,,,,,,,,,,,
,,,,環境構築することができる,,2,0,0,1,1,1,1,1,1,1,1,1,1,1,1,1,1,Intermediate,,,○,,○,,,,,,,,,,,,,,,
,,,,課題発生時の対応をすることができる,,1,0,0,0,0,0,0,0,0,0,0,0,0,0,0,0,0,Intermediate,,,○,,○,,,,,,,,,,,,,,,
,,,,ADの設定を行うことができる,,1,0,0,0,0,0,0,0,0,0,0,0,0,0,0,0,0,Intermediate,,,,,○,,,,,,,,,,,,,,,
,,,,DNSの設定を行うことができる,,1,0,0,0,0,0,0,0,0,0,0,0,0,0,0,0,0,Intermediate,,,,,○,,,,,,,,,,,,,,,
,,,,VMの作成/設定を行うことができる,,1,0,0,0,0,0,0,1,1,1,1,1,1,1,1,1,1,Intermediate,,,,,○,,,,,,,,,,,,,,,
,,,SQL Server,,,,,,,,,,,,,,,,,,,,,,,,,,,,,,,,,,,,,,,,
,,,,機能概要を説明できる,,0,0,0,0,0,0,0,0,0,0,0,0,0,0,0,0,0,Basic,,○,○,○,○,,,,,,,,,,,,,,,
,,,,インストール手順を理解している,,3,3,3,3,3,3,3,3,3,3,3,3,3,3,3,3,3,Basic,,○,○,○,○,,,,,,,,,,,,,,,
,,,,環境構築することができる,,0,0,0,3,3,3,3,3,3,3,3,3,3,3,3,3,3,Intermediate,,,○,,○,,,,,,,,,,,,,,,
,,,,課題発生時の対応をすることができる,,0,0,0,0,0,0,0,0,0,0,0,0,0,0,0,0,0,Intermediate,,,○,,○,,,,,,,,,,,,,,,
,,,,レプリケーションの設定をすることができる,,3,3,3,3,3,3,3,3,3,3,3,3,3,3,3,3,3,Intermediate,,,,,○,,,,,,,,,,,,,,,
,,,,レポーティングサービスの設定をすることができる,,3,3,3,3,3,3,3,3,3,3,3,3,3,3,3,3,3,Intermediate,,,,,○,,,,,,,,,,,,,,,
,,,,データベース作成Scriptを作成することができる,,3,3,3,5,5,5,5,5,5,5,5,5,5,5,5,5,5,Intermediate,,,,,○,,,,,,,,,,,,,,,
,,,,データ投入のScriptを作成することができる,,3,3,3,5,5,5,5,5,5,5,5,5,5,5,5,5,5,Intermediate,,,,,○,,,,,,,,,,,,,,,
,,,,データベースチューニングができる,,0,0,0,2,2,2,2,2,2,2,2,2,2,2,2,2,2,Intermediate,×,×,×,×,○,×,×,,×,×,×,×,×,×,×,,,,,
,,,,バックアップの設計および設定を行うことができる,,0,0,0,0,0,0,0,0,0,2,2,2,2,2,2,2,2,Intermediate,,,,,○,,,,,,,,,,,,,,,
,,,,,,,,,,,,,,,,,,,,,,,,×,×,×,×,×,×,×,,×,×,×,×,×,×,×,,,,,










































































,,,,,,,,,,,,,,,,,,,,,,,,,,,,,,,,,,,,,,,,,,,
,,,,,,,,,,,,,,,,,,,,,,,,,,,,,,,,,,,,,,,,,,,
,,,,,,,,,,,,,,,,,,,,,,,,,,,,,,,,,,,,,,,,,,,
,,,,,,,,,,,,,,,,,,,,,,,,,,,,,,,,,,,,,,,,,,,
,,,,,,,,,,,,,,,,,,,,,,,,,,,,,,,,,,,,,,,,,,,
,,,,,,,,,,,,,,,,,,,,,,,,,,,,,,,,,,,,,,,,,,,
,,,,,,,,,,,,,,,,,,,,,,,,,,,,,,,,,,,,,,,,,,,
,,,,,,,,,,,,,,,,,,,,,,,,,,,,,,,,,,,,,,,,,,,
,,,,,,,,,,,,,,,,,,,,,,,,,,,,,,,,,,,,,,,,,,,
,,,,,,,,,,,,,,,,,,,,,,,,,,,,,,,,,,,,,,,,,,,
,,,,,,,,,,,,,,,,,,,,,,,,,,,,,,,,,,,,,,,,,,,
,,,,,,,,,,,,,,,,,,,,,,,,,,,,,,,,,,,,,,,,,,,
,,,,,,,,,,,,,,,,,,,,,,,,,,,,,,,,,,,,,,,,,,,
,,,,,,,,,,,,,,,,,,,,,,,,,,,,,,,,,,,,,,,,,,,
,,,,,,,,,,,,,,,,,,,,,,,,,,,,,,,,,,,,,,,,,,,
,,,,,,,,,,,,,,,,,,,,,,,,,,,,,,,,,,,,,,,,,,,
,,,,,,,,,,,,,,,,,,,,,,,,,,,,,,,,,,,,,,,,,,,
,,,,,,,,,,,,,,,,,,,,,,,,,,,,,,,,,,,,,,,,,,,
,,,,,,,,,,,,,,,,,,,,,,,,,,,,,,,,,,,,,,,,,,,
,,,,,,,,,,,,,,,,,,,,,,,,,,,,,,,,,,,,,,,,,,,
,,,,,,,,,,,,,,,,,,,,,,,,,,,,,,,,,,,,,,,,,,,
,,,,,,,,,,,,,,,,,,,,,,,,,,,,,,,,,,,,,,,,,,,
,,,,,,,,,,,,,,,,,,,,,,,,,,,,,,,,,,,,,,,,,,,
,,,,,,,,,,,,,,,,,,,,,,,,,,,,,,,,,,,,,,,,,,,
,,,,,,,,,,,,,,,,,,,,,,,,,,,,,,,,,,,,,,,,,,,
,,,,,,,,,,,,,,,,,,,,,,,,,,,,,,,,,,,,,,,,,,,
,,,,,,,,,,,,,,,,,,,,,,,,,,,,,,,,,,,,,,,,,,,
